-- MySQL dump 10.13  Distrib 8.0.19, for Win64 (x86_64)
--
-- Host: localhost    Database: sdperjawatan
-- ------------------------------------------------------
-- Server version	8.4.2

/*!40101 SET @OLD_CHARACTER_SET_CLIENT=@@CHARACTER_SET_CLIENT */;
/*!40101 SET @OLD_CHARACTER_SET_RESULTS=@@CHARACTER_SET_RESULTS */;
/*!40101 SET @OLD_COLLATION_CONNECTION=@@COLLATION_CONNECTION */;
/*!50503 SET NAMES utf8mb4 */;
/*!40103 SET @OLD_TIME_ZONE=@@TIME_ZONE */;
/*!40103 SET TIME_ZONE='+00:00' */;
/*!40014 SET @OLD_UNIQUE_CHECKS=@@UNIQUE_CHECKS, UNIQUE_CHECKS=0 */;
/*!40014 SET @OLD_FOREIGN_KEY_CHECKS=@@FOREIGN_KEY_CHECKS, FOREIGN_KEY_CHECKS=0 */;
/*!40101 SET @OLD_SQL_MODE=@@SQL_MODE, SQL_MODE='NO_AUTO_VALUE_ON_ZERO' */;
/*!40111 SET @OLD_SQL_NOTES=@@SQL_NOTES, SQL_NOTES=0 */;

--
-- Table structure for table `aktivitis`
--

DROP TABLE IF EXISTS `aktivitis`;
/*!40101 SET @saved_cs_client     = @@character_set_client */;
/*!50503 SET character_set_client = utf8mb4 */;
CREATE TABLE `aktivitis` (
  `id` bigint unsigned NOT NULL AUTO_INCREMENT,
  `program_id` int NOT NULL,
  `no_aktivit` varchar(20) CHARACTER SET utf8mb4 COLLATE utf8mb4_unicode_ci NOT NULL,
  `nama_aktiviti` varchar(255) CHARACTER SET utf8mb4 COLLATE utf8mb4_unicode_ci DEFAULT NULL,
  `desc_aktiviti` varchar(255) CHARACTER SET utf8mb4 COLLATE utf8mb4_unicode_ci DEFAULT NULL,
  `created_at` timestamp NULL DEFAULT NULL,
  `updated_at` timestamp NULL DEFAULT NULL,
  PRIMARY KEY (`id`)
) ENGINE=InnoDB AUTO_INCREMENT=34 DEFAULT CHARSET=utf8mb4 COLLATE=utf8mb4_unicode_ci;
/*!40101 SET character_set_client = @saved_cs_client */;

--
-- Dumping data for table `aktivitis`
--

LOCK TABLES `aktivitis` WRITE;
/*!40000 ALTER TABLE `aktivitis` DISABLE KEYS */;
INSERT INTO `aktivitis` VALUES (2,2,'2.1.1.7','PENGURUSAN PERUBATAN NEGERI (SEMENANJUNG',NULL,'2026-04-22 06:33:41','2026-04-22 06:33:41'),(3,2,'2.2.1','PENGURUSAN HOSPITAL',NULL,'2026-04-22 06:33:41','2026-04-22 06:33:41'),(4,2,'2.3.1','RAWATAN KECEMASAN DAN PESAKIT LUAR',NULL,'2026-04-22 06:34:18','2026-04-22 06:34:18'),(5,2,'2.4.1','RAWATAN AM PESAKIT DALAM',NULL,'2026-04-22 06:34:50','2026-04-22 06:34:50'),(9,7,'4.1.1.5','PENGURUSAN KESIHATAN PERGIGIAN SEMENANJUNG',NULL,'2026-04-26 22:49:23','2026-05-05 20:26:57'),(12,8,'3.1.1.7','PENGURUSAN KESIHATAN WAM NEGERI (SEMENANJUNG)',NULL,'2026-04-29 09:06:29','2026-05-05 20:25:04'),(15,5,'5.1.1','PENGURUSAN PERKHIDMATAN FARMASI IBU PEJABAT/NEGERI (SEMENANJUNG)',NULL,'2026-05-05 20:19:16','2026-05-05 20:19:16'),(16,5,'5.2.1','AMALAN DAN PERKEMBANGAN FARMASI (SEMENANJUNG)',NULL,'2026-05-05 20:19:16','2026-05-05 20:19:16'),(17,5,'5.4.1','PENGUATKUASAAN FARMASI (SEMENANJUNG)',NULL,'2026-05-05 20:19:16','2026-05-05 20:19:16'),(18,6,'1.1.7.1','PENGURUSAN NEGERI (SEMENANJUNG)',NULL,'2026-05-05 20:20:17','2026-05-05 20:20:17'),(19,8,'3.2.1','PEMBANGUNAN KESIHATAN KELUARGA',NULL,'2026-05-05 20:25:04','2026-05-05 20:25:04'),(20,8,'3.3.1.1.1','KAWALAN MALARIA',NULL,'2026-05-05 20:25:04','2026-05-05 20:25:04'),(21,8,'3.3.1.1.2','KAWALAN VEKTOR',NULL,'2026-05-05 20:25:04','2026-05-05 20:25:04'),(22,8,'3.3.1.1.3','KAWALAN MALARIA',NULL,'2026-05-05 20:25:04','2026-05-05 20:25:04'),(23,8,'3.3.2.1','PENYAKIT TIDAK BERJANGKIT',NULL,'2026-05-05 20:25:04','2026-05-05 20:25:04'),(24,8,'3.3.3.1','PENYAKIT BERJANGKIT',NULL,'2026-05-05 20:25:04','2026-05-05 20:25:04'),(25,8,'3.4.1','PENDIDIKAN KESIHATAN',NULL,'2026-05-05 20:25:04','2026-05-05 20:25:04'),(26,8,'3.5.1','PENGURUSAN PEMAKANAN NEGERI',NULL,'2026-05-05 20:25:04','2026-05-05 20:25:04'),(27,8,'3.5.2','PEMAKANAN (KLINIK)',NULL,'2026-05-05 20:25:04','2026-05-05 20:25:04'),(28,8,'3.6.1','FARMASI DAN BEKALAN KESIHATAN AWAM',NULL,'2026-05-05 20:25:04','2026-05-05 20:25:04'),(29,7,'4.2.1','KESIHATAN PERGIGIAN PRIMER SEMENANJUNG',NULL,'2026-05-05 20:26:57','2026-05-05 20:26:57'),(30,7,'4.3.1','KESIHATAN PERGIGIAN MASAYARAKAT SEMENANJUNG',NULL,'2026-05-05 20:26:57','2026-05-05 20:26:57'),(31,7,'4.4.1','KESIHATAN PERGIGIAN KEPAKARAN SEMENANJUNG',NULL,'2026-05-05 20:28:27','2026-05-05 20:28:27'),(32,10,'7.2.1.2','PENGURUSAN NEGERI (SEMENANJUNG)',NULL,'2026-05-05 20:29:12','2026-05-05 20:29:12');
/*!40000 ALTER TABLE `aktivitis` ENABLE KEYS */;
UNLOCK TABLES;

--
-- Table structure for table `bahagians`
--

DROP TABLE IF EXISTS `bahagians`;
/*!40101 SET @saved_cs_client     = @@character_set_client */;
/*!50503 SET character_set_client = utf8mb4 */;
CREATE TABLE `bahagians` (
  `id` bigint unsigned NOT NULL AUTO_INCREMENT,
  `ptj_id` int NOT NULL,
  `nama_bahagian` varchar(255) CHARACTER SET utf8mb4 COLLATE utf8mb4_unicode_ci NOT NULL,
  `created_at` timestamp NULL DEFAULT NULL,
  `updated_at` timestamp NULL DEFAULT NULL,
  `deleted_at` timestamp NULL DEFAULT NULL,
  PRIMARY KEY (`id`)
) ENGINE=InnoDB AUTO_INCREMENT=5 DEFAULT CHARSET=utf8mb4 COLLATE=utf8mb4_unicode_ci;
/*!40101 SET character_set_client = @saved_cs_client */;

--
-- Dumping data for table `bahagians`
--

LOCK TABLES `bahagians` WRITE;
/*!40000 ALTER TABLE `bahagians` DISABLE KEYS */;
INSERT INTO `bahagians` VALUES (2,13,'BAHAGIAN PENGURUSAN','2026-04-21 18:54:57','2026-04-21 18:54:57',NULL),(4,13,'KESIHATAN AWAM','2026-04-28 23:26:37','2026-04-28 23:26:37',NULL);
/*!40000 ALTER TABLE `bahagians` ENABLE KEYS */;
UNLOCK TABLES;

--
-- Table structure for table `butiran__jawatans`
--

DROP TABLE IF EXISTS `butiran__jawatans`;
/*!40101 SET @saved_cs_client     = @@character_set_client */;
/*!50503 SET character_set_client = utf8mb4 */;
CREATE TABLE `butiran__jawatans` (
  `id` bigint unsigned NOT NULL AUTO_INCREMENT,
  `butiran_id` int NOT NULL,
  `jawatan_gred_id` int NOT NULL,
  `created_at` timestamp NULL DEFAULT NULL,
  `updated_at` timestamp NULL DEFAULT NULL,
  PRIMARY KEY (`id`)
) ENGINE=InnoDB AUTO_INCREMENT=2 DEFAULT CHARSET=utf8mb4 COLLATE=utf8mb4_unicode_ci;
/*!40101 SET character_set_client = @saved_cs_client */;

--
-- Dumping data for table `butiran__jawatans`
--

LOCK TABLES `butiran__jawatans` WRITE;
/*!40000 ALTER TABLE `butiran__jawatans` DISABLE KEYS */;
INSERT INTO `butiran__jawatans` VALUES (1,1,2,'2026-04-28 17:46:28','2026-04-28 17:46:28');
/*!40000 ALTER TABLE `butiran__jawatans` ENABLE KEYS */;
UNLOCK TABLES;

--
-- Table structure for table `butirans`
--

DROP TABLE IF EXISTS `butirans`;
/*!40101 SET @saved_cs_client     = @@character_set_client */;
/*!50503 SET character_set_client = utf8mb4 */;
CREATE TABLE `butirans` (
  `id` bigint unsigned NOT NULL AUTO_INCREMENT,
  `aktiviti_id` int NOT NULL,
  `butiran` varchar(255) CHARACTER SET utf8mb4 COLLATE utf8mb4_unicode_ci NOT NULL,
  `created_at` timestamp NULL DEFAULT NULL,
  `updated_at` timestamp NULL DEFAULT NULL,
  PRIMARY KEY (`id`)
) ENGINE=InnoDB AUTO_INCREMENT=6 DEFAULT CHARSET=utf8mb4 COLLATE=utf8mb4_unicode_ci;
/*!40101 SET character_set_client = @saved_cs_client */;

--
-- Dumping data for table `butirans`
--

LOCK TABLES `butirans` WRITE;
/*!40000 ALTER TABLE `butirans` DISABLE KEYS */;
INSERT INTO `butirans` VALUES (1,2,'123','2026-04-28 04:42:05','2026-04-28 04:42:05'),(2,2,'124','2026-04-28 04:42:05','2026-04-28 04:42:05'),(3,2,'132','2026-04-28 05:56:25','2026-04-28 05:56:25'),(4,3,'1134','2026-04-28 05:56:45','2026-04-28 05:56:45'),(5,3,'1253','2026-04-28 05:56:45','2026-04-28 05:56:45');
/*!40000 ALTER TABLE `butirans` ENABLE KEYS */;
UNLOCK TABLES;

--
-- Table structure for table `cache`
--

DROP TABLE IF EXISTS `cache`;
/*!40101 SET @saved_cs_client     = @@character_set_client */;
/*!50503 SET character_set_client = utf8mb4 */;
CREATE TABLE `cache` (
  `key` varchar(255) CHARACTER SET utf8mb4 COLLATE utf8mb4_unicode_ci NOT NULL,
  `value` mediumtext CHARACTER SET utf8mb4 COLLATE utf8mb4_unicode_ci NOT NULL,
  `expiration` bigint NOT NULL,
  PRIMARY KEY (`key`),
  KEY `cache_expiration_index` (`expiration`)
) ENGINE=InnoDB DEFAULT CHARSET=utf8mb4 COLLATE=utf8mb4_unicode_ci;
/*!40101 SET character_set_client = @saved_cs_client */;

--
-- Dumping data for table `cache`
--

LOCK TABLES `cache` WRITE;
/*!40000 ALTER TABLE `cache` DISABLE KEYS */;
INSERT INTO `cache` VALUES ('laravel-cache-livewire-rate-limiter:16d36dff9abd246c67dfac3e63b993a169af77e6','i:1;',1778037245),('laravel-cache-livewire-rate-limiter:16d36dff9abd246c67dfac3e63b993a169af77e6:timer','i:1778037245;',1778037245);
/*!40000 ALTER TABLE `cache` ENABLE KEYS */;
UNLOCK TABLES;

--
-- Table structure for table `cache_locks`
--

DROP TABLE IF EXISTS `cache_locks`;
/*!40101 SET @saved_cs_client     = @@character_set_client */;
/*!50503 SET character_set_client = utf8mb4 */;
CREATE TABLE `cache_locks` (
  `key` varchar(255) CHARACTER SET utf8mb4 COLLATE utf8mb4_unicode_ci NOT NULL,
  `owner` varchar(255) CHARACTER SET utf8mb4 COLLATE utf8mb4_unicode_ci NOT NULL,
  `expiration` bigint NOT NULL,
  PRIMARY KEY (`key`),
  KEY `cache_locks_expiration_index` (`expiration`)
) ENGINE=InnoDB DEFAULT CHARSET=utf8mb4 COLLATE=utf8mb4_unicode_ci;
/*!40101 SET character_set_client = @saved_cs_client */;

--
-- Dumping data for table `cache_locks`
--

LOCK TABLES `cache_locks` WRITE;
/*!40000 ALTER TABLE `cache_locks` DISABLE KEYS */;
/*!40000 ALTER TABLE `cache_locks` ENABLE KEYS */;
UNLOCK TABLES;

--
-- Table structure for table `duns`
--

DROP TABLE IF EXISTS `duns`;
/*!40101 SET @saved_cs_client     = @@character_set_client */;
/*!50503 SET character_set_client = utf8mb4 */;
CREATE TABLE `duns` (
  `id` bigint unsigned NOT NULL AUTO_INCREMENT,
  `parlimen_id` int NOT NULL,
  `nama_dun` varchar(255) CHARACTER SET utf8mb4 COLLATE utf8mb4_unicode_ci NOT NULL,
  `created_at` timestamp NULL DEFAULT NULL,
  `updated_at` timestamp NULL DEFAULT NULL,
  PRIMARY KEY (`id`)
) ENGINE=InnoDB AUTO_INCREMENT=4 DEFAULT CHARSET=utf8mb4 COLLATE=utf8mb4_unicode_ci;
/*!40101 SET character_set_client = @saved_cs_client */;

--
-- Dumping data for table `duns`
--

LOCK TABLES `duns` WRITE;
/*!40000 ALTER TABLE `duns` DISABLE KEYS */;
INSERT INTO `duns` VALUES (1,1,'KUAH','2026-04-21 20:27:02','2026-04-21 20:27:02'),(2,1,'AYER HANGAT','2026-04-21 20:27:02','2026-04-21 20:27:02');
/*!40000 ALTER TABLE `duns` ENABLE KEYS */;
UNLOCK TABLES;

--
-- Table structure for table `failed_jobs`
--

DROP TABLE IF EXISTS `failed_jobs`;
/*!40101 SET @saved_cs_client     = @@character_set_client */;
/*!50503 SET character_set_client = utf8mb4 */;
CREATE TABLE `failed_jobs` (
  `id` bigint unsigned NOT NULL AUTO_INCREMENT,
  `uuid` varchar(255) CHARACTER SET utf8mb4 COLLATE utf8mb4_unicode_ci NOT NULL,
  `connection` text CHARACTER SET utf8mb4 COLLATE utf8mb4_unicode_ci NOT NULL,
  `queue` text CHARACTER SET utf8mb4 COLLATE utf8mb4_unicode_ci NOT NULL,
  `payload` longtext CHARACTER SET utf8mb4 COLLATE utf8mb4_unicode_ci NOT NULL,
  `exception` longtext CHARACTER SET utf8mb4 COLLATE utf8mb4_unicode_ci NOT NULL,
  `failed_at` timestamp NOT NULL DEFAULT CURRENT_TIMESTAMP,
  PRIMARY KEY (`id`),
  UNIQUE KEY `failed_jobs_uuid_unique` (`uuid`)
) ENGINE=InnoDB DEFAULT CHARSET=utf8mb4 COLLATE=utf8mb4_unicode_ci;
/*!40101 SET character_set_client = @saved_cs_client */;

--
-- Dumping data for table `failed_jobs`
--

LOCK TABLES `failed_jobs` WRITE;
/*!40000 ALTER TABLE `failed_jobs` DISABLE KEYS */;
/*!40000 ALTER TABLE `failed_jobs` ENABLE KEYS */;
UNLOCK TABLES;

--
-- Table structure for table `greds`
--

DROP TABLE IF EXISTS `greds`;
/*!40101 SET @saved_cs_client     = @@character_set_client */;
/*!50503 SET character_set_client = utf8mb4 */;
CREATE TABLE `greds` (
  `id` bigint unsigned NOT NULL AUTO_INCREMENT,
  `kod_gred` varchar(255) CHARACTER SET utf8mb4 COLLATE utf8mb4_unicode_ci NOT NULL,
  `desc_gred` varchar(255) CHARACTER SET utf8mb4 COLLATE utf8mb4_unicode_ci NOT NULL,
  `created_at` timestamp NULL DEFAULT NULL,
  `updated_at` timestamp NULL DEFAULT NULL,
  PRIMARY KEY (`id`)
) ENGINE=InnoDB AUTO_INCREMENT=169 DEFAULT CHARSET=utf8mb4 COLLATE=utf8mb4_unicode_ci;
/*!40101 SET character_set_client = @saved_cs_client */;

--
-- Dumping data for table `greds`
--

LOCK TABLES `greds` WRITE;
/*!40000 ALTER TABLE `greds` DISABLE KEYS */;
INSERT INTO `greds` VALUES (1,'C9','C41','2025-03-24 09:56:45','2025-03-26 09:49:19'),(2,'C10','C44','2025-03-24 10:11:54','2025-03-26 09:49:34'),(3,'C12','C48','2025-03-24 10:12:13','2025-03-26 09:49:44'),(4,'C13','C52','2025-03-24 10:12:25','2025-03-26 09:49:58'),(5,'C14','C54','2025-03-24 10:12:38','2025-03-26 09:50:29'),(6,'F9','F41','2025-03-24 10:13:06','2025-03-26 09:51:06'),(7,'F10','F44','2025-03-24 10:13:19','2025-03-26 09:51:14'),(8,'F12','F48','2025-03-24 10:16:48','2025-03-26 09:51:22'),(9,'F13','F52','2025-03-24 10:17:04','2025-03-26 09:51:36'),(10,'F14','F54','2025-03-24 10:17:16','2025-03-26 09:51:46'),(11,'J9','J41','2025-03-24 10:17:32','2025-03-26 09:51:53'),(12,'J10','J44','2025-03-24 10:17:41','2025-03-26 09:52:02'),(13,'J12','J48','2025-03-24 10:18:03','2025-03-26 09:52:10'),(14,'J13','J52','2025-03-24 10:18:20','2025-03-26 09:52:19'),(15,'J14','J54','2025-03-24 10:18:33','2025-03-26 09:52:27'),(16,'M9','M41','2025-04-12 14:58:49','2025-04-12 14:58:49'),(17,'M10','M44','2025-04-12 14:59:05','2025-04-12 14:59:05'),(18,'M12','M48','2025-04-12 14:59:51','2025-04-12 14:59:51'),(19,'M13','M52','2025-04-12 15:00:04','2025-04-12 15:00:04'),(20,'M14','M54','2025-04-12 15:00:19','2025-04-12 15:00:19'),(21,'N9','N41','2025-04-13 10:59:54','2025-04-13 10:59:54'),(22,'N10','N44','2025-04-13 11:00:04','2025-04-13 11:00:04'),(23,'N12','N48','2025-04-13 11:00:15','2025-04-13 11:00:15'),(24,'N13','N52','2025-04-13 11:00:29','2025-04-13 11:00:29'),(25,'N14','N54','2025-04-13 11:00:40','2025-04-13 11:00:40'),(26,'S9','S41','2025-04-13 11:01:15','2025-04-13 11:01:15'),(27,'S10','S44','2025-04-13 11:01:32','2025-04-13 11:01:32'),(28,'S12','S48','2025-04-13 11:01:41','2025-04-13 11:01:41'),(29,'S13','S52','2025-04-13 11:02:02','2025-04-13 11:02:02'),(30,'S14','S54','2025-04-13 11:02:14','2025-04-13 11:02:14'),(31,'U9','U41','2025-04-13 11:02:26','2025-04-13 11:02:26'),(32,'U10','U44','2025-04-13 11:02:36','2025-04-13 11:02:36'),(33,'U12','U48','2025-04-13 11:02:45','2025-04-13 11:02:45'),(34,'U13','U52','2025-04-13 11:02:58','2025-04-13 11:02:58'),(35,'U14','U54','2025-04-13 11:03:07','2025-04-13 11:03:07'),(36,'UD9','UD41','2025-04-13 11:03:34','2025-04-13 11:03:34'),(37,'UD10','UD43/44','2025-04-13 11:04:01','2025-04-13 11:04:01'),(38,'UD12','UD47/48','2025-04-13 11:04:19','2025-04-13 11:04:19'),(39,'UD13','UD51/52','2025-04-13 11:04:43','2025-04-13 11:04:43'),(40,'UD14','UD53/54','2025-04-13 11:04:58','2025-04-13 11:04:58'),(41,'UD15','PAKAR UD55/56','2025-04-13 11:05:27','2026-02-10 23:26:07'),(42,'UF9','UF41','2025-04-13 11:45:26','2025-04-13 11:45:26'),(43,'UF10','UF44','2025-04-13 11:45:36','2025-04-13 11:45:36'),(44,'UF12','UF48','2025-04-13 11:45:46','2025-04-13 11:45:46'),(45,'UF13','UF52','2025-04-13 11:45:56','2025-04-13 11:45:56'),(46,'UF14','UF54','2025-04-13 11:46:11','2025-04-13 11:46:11'),(47,'UG9','UG41','2025-04-13 11:46:25','2025-04-13 11:46:25'),(48,'UG10','UG44','2025-04-13 11:46:36','2025-04-13 11:46:36'),(49,'UG12','UG48','2025-04-13 11:46:46','2025-04-13 11:46:46'),(50,'UG13','UG52','2025-04-13 11:46:55','2025-04-13 11:46:55'),(51,'UG14','UG54','2025-04-13 11:47:14','2025-04-13 11:47:14'),(52,'UG15','PAKAR UG56','2025-04-13 11:47:33','2026-02-10 23:26:18'),(53,'WA9','WA41','2025-04-13 11:47:52','2025-04-13 11:49:14'),(54,'WA10','WA44','2025-04-13 11:48:01','2025-04-13 11:49:06'),(55,'WA12','WA48','2025-04-13 11:48:14','2025-04-13 11:49:00'),(56,'C5','C29','2025-04-19 12:22:28','2025-04-19 12:22:28'),(57,'C6','C32','2025-04-19 12:22:38','2025-04-19 12:22:38'),(58,'C7','C38','2025-04-19 12:22:48','2025-04-19 12:22:48'),(59,'C8','C40','2025-04-19 12:23:13','2025-04-19 12:23:13'),(60,'FA5','FA29','2025-04-19 12:24:21','2025-04-19 12:24:21'),(61,'FA6','FA32','2025-04-19 12:24:33','2025-04-19 12:24:33'),(62,'FA7','FA38','2025-04-19 12:24:43','2025-04-19 12:24:43'),(63,'FA8','FA40','2025-04-19 14:43:14','2025-04-19 14:43:14'),(64,'KP5','KP29','2025-04-19 14:43:56','2025-04-19 14:43:56'),(65,'KP6','KP32','2025-04-19 14:44:09','2025-04-19 14:44:09'),(66,'KP7','KP38','2025-04-19 14:44:21','2025-04-19 14:44:21'),(67,'KP8','KP40','2025-04-19 14:44:32','2025-04-19 14:44:32'),(68,'N5','N29','2025-04-19 14:44:59','2025-04-19 14:44:59'),(69,'N6','N32','2025-04-19 14:45:33','2025-04-19 14:45:33'),(70,'N7','N36','2025-04-19 14:45:47','2025-04-19 14:45:47'),(71,'N8','N40','2025-04-19 14:46:01','2025-04-19 14:46:01'),(72,'S5','S29','2025-04-19 14:46:21','2025-04-19 14:46:21'),(73,'S6','S32','2025-04-19 14:46:32','2025-04-19 14:46:32'),(74,'S7','S38','2025-04-19 14:46:48','2025-04-19 14:46:48'),(75,'S8','S40','2025-04-19 14:46:57','2025-04-19 14:46:57'),(76,'U5','U29','2025-04-19 14:47:24','2025-04-19 14:47:24'),(77,'U6','U32','2025-04-19 14:47:35','2025-04-19 14:47:35'),(78,'U7','U36/U38','2025-04-19 14:48:09','2025-04-19 14:48:09'),(79,'U8','U40','2025-04-19 14:48:22','2025-04-19 14:48:22'),(80,'W5','W29','2025-04-19 14:48:56','2025-04-19 14:48:56'),(81,'W6','W32','2025-04-19 14:49:13','2025-04-19 14:49:13'),(82,'W7','W38','2025-04-19 14:49:26','2025-04-19 14:49:26'),(83,'W8','W40','2025-04-19 14:49:40','2025-04-19 14:49:40'),(84,'N1','N1','2025-05-17 20:27:45','2025-05-17 20:27:45'),(85,'N2','N2','2025-05-17 20:27:54','2025-05-17 20:27:54'),(86,'N3','N3','2025-05-17 20:28:02','2025-05-17 20:28:02'),(87,'N4','N4','2025-05-17 20:28:11','2025-05-17 20:28:11'),(88,'W1','W19','2025-05-17 20:55:26','2025-05-18 17:08:50'),(89,'W2','W22','2025-05-17 20:55:35','2025-05-18 17:09:02'),(90,'A1','A19','2025-05-18 00:56:19','2025-05-18 00:56:19'),(91,'A2','A22','2025-05-18 00:56:29','2025-05-18 00:56:29'),(92,'A3','A26','2025-05-18 00:56:42','2025-05-18 00:56:53'),(93,'A4','A28','2025-05-18 00:57:05','2025-05-18 00:57:05'),(94,'B1','B19','2025-05-18 00:57:42','2025-05-18 00:57:42'),(95,'B2','B21/B22','2025-05-18 00:57:59','2025-05-18 00:57:59'),(96,'B3','B25/26','2025-05-18 00:58:15','2025-05-18 00:58:15'),(97,'B5','B29/30','2025-05-18 00:58:36','2025-05-18 00:58:36'),(98,'B6','B31/32','2025-05-18 00:58:50','2025-05-18 00:58:50'),(99,'B7','B37/38','2025-05-18 00:59:05','2025-05-18 00:59:05'),(100,'B9','B41/42','2025-05-18 00:59:21','2025-05-18 00:59:21'),(101,'B10','B43/44','2025-05-18 00:59:35','2025-05-18 00:59:35'),(102,'B12','B47/48','2025-05-18 00:59:50','2025-05-18 00:59:50'),(103,'B13','B51/52','2025-05-18 01:00:07','2025-05-18 01:00:07'),(104,'B14','B53/54','2025-05-18 01:00:22','2025-05-18 01:00:22'),(105,'FT1','FT19','2025-05-18 16:49:25','2025-08-24 18:34:55'),(106,'FT2','FT22','2025-05-18 16:49:38','2025-06-14 21:08:33'),(107,'FT3','FT26','2025-05-18 16:49:50','2025-08-24 18:35:10'),(108,'FT4','FT28','2025-05-18 16:50:03','2025-08-24 18:35:23'),(109,'H1','H19','2025-05-18 16:50:27','2025-05-18 16:50:27'),(110,'H2','H22','2025-05-18 16:50:37','2025-05-18 16:50:37'),(111,'H3','H26','2025-05-18 16:50:47','2025-05-18 16:50:47'),(112,'H4','H28','2025-05-18 16:50:57','2025-05-18 16:50:57'),(113,'H11','H11','2025-05-18 16:51:33','2025-05-18 16:51:33'),(114,'H14','H14','2025-05-18 16:51:46','2025-05-18 16:51:46'),(115,'H16','H16','2025-05-18 16:51:57','2025-05-18 16:51:57'),(116,'H18','H18','2025-05-18 16:52:06','2025-05-18 16:52:06'),(117,'JA1','JA19','2025-05-18 16:52:38','2025-05-18 16:52:38'),(118,'JA2','JA2','2025-05-18 16:52:49','2025-05-18 16:52:49'),(119,'JA3','JA26','2025-05-18 16:53:03','2025-05-18 16:53:03'),(120,'JA5','JA29/30','2025-05-18 16:53:23','2025-05-18 16:53:23'),(121,'JA6','JA36','2025-05-18 16:53:35','2025-05-18 16:53:35'),(122,'JA7','JA38','2025-05-18 16:53:45','2025-05-18 16:53:45'),(123,'JA8','JA40','2025-05-18 16:53:58','2025-05-18 16:53:58'),(124,'KP1','KP19','2025-05-18 16:54:21','2025-05-18 16:54:21'),(125,'KP2','KP22','2025-05-18 16:54:34','2025-05-18 16:54:34'),(126,'KP3','KP26','2025-05-18 16:54:47','2025-05-18 16:54:47'),(127,'KP4','KP28','2025-05-18 16:55:02','2025-05-18 16:55:02'),(128,'KP11','KP11','2025-05-18 16:55:21','2025-05-18 16:55:21'),(129,'KP14','KP14','2025-05-18 16:55:33','2025-05-18 16:55:33'),(130,'KP16','KP16','2025-05-18 16:55:44','2025-05-18 16:55:44'),(131,'KP18','KP18','2025-05-18 16:55:55','2025-05-18 16:55:55'),(132,'S1','S19','2025-05-18 17:04:20','2025-05-18 17:04:20'),(133,'S2','S22','2025-05-18 17:04:29','2025-05-18 17:04:29'),(134,'S3','S26','2025-05-18 17:04:40','2025-05-18 17:04:40'),(135,'S4','S28','2025-05-18 17:04:50','2025-05-18 17:04:50'),(136,'U1','U19','2025-05-18 17:06:24','2025-05-18 17:06:24'),(137,'U2','U24','2025-05-18 17:06:39','2025-05-18 17:06:39'),(138,'U3','U26','2025-05-18 17:06:55','2025-05-18 17:06:55'),(139,'U4','U28','2025-05-18 17:07:05','2025-05-18 17:07:05'),(140,'WA13','WA51/52','2025-05-18 17:07:55','2025-05-18 17:07:55'),(141,'WA14','WA53/54','2025-05-18 17:08:12','2025-05-18 17:08:12'),(142,'W3','W26','2025-05-18 19:04:40','2025-05-18 19:04:40'),(143,'W4','W28','2025-05-18 19:05:12','2025-05-18 19:05:12'),(144,'JUSA A','JUSA A','2025-05-18 22:29:04','2025-05-18 22:29:04'),(145,'JUSA B','JUSA B','2025-05-18 22:29:16','2025-05-18 22:29:16'),(146,'JUSA C','JUSA C','2025-05-18 22:29:28','2025-05-18 22:29:28'),(147,'GRED KHAS A','GRED KHAS A','2025-05-18 22:29:39','2025-05-18 22:29:39'),(148,'GRED KHAS B','GRED KHAS B','2025-05-18 22:29:51','2025-05-18 22:29:51'),(150,'GRED KHAS C','GRED KHAS C','2025-05-18 22:30:12','2025-05-18 22:30:12'),(151,'U32','U32','2025-07-08 00:59:06','2025-07-08 00:59:06'),(152,'U44','U44','2025-07-08 00:59:17','2025-07-08 00:59:17'),(153,'UD54','UD54','2025-07-08 00:59:37','2025-07-08 00:59:37'),(154,'UD52','UD52','2025-07-08 00:59:48','2025-07-08 00:59:48'),(155,'U11','U11','2025-07-08 01:00:10','2025-07-08 01:00:10'),(156,'U29','U29','2025-07-08 01:00:21','2025-07-08 01:00:21'),(158,'UD48','UD48','2025-07-08 01:00:55','2025-07-08 01:01:18'),(159,'UF54','UF54','2025-07-08 01:01:30','2025-07-08 01:01:49'),(160,'UD56','UD56','2025-07-08 01:02:03','2025-07-08 01:02:03'),(161,'N11','N11','2025-08-03 17:11:58','2025-08-03 17:11:58'),(162,'1','1','2026-04-21 16:12:57','2026-04-21 16:12:57'),(163,'B4','B4','2026-05-05 20:33:42','2026-05-05 20:33:42'),(164,'W9','W9','2026-05-05 20:52:16','2026-05-05 20:52:16'),(165,'W10','W10','2026-05-05 20:52:24','2026-05-05 20:52:24'),(166,'W12','W12','2026-05-05 20:52:32','2026-05-05 20:52:32'),(167,'W13','W13','2026-05-05 20:52:39','2026-05-05 20:52:39'),(168,'W14','W14','2026-05-05 20:52:46','2026-05-05 20:52:46');
/*!40000 ALTER TABLE `greds` ENABLE KEYS */;
UNLOCK TABLES;

--
-- Table structure for table `jawatan__greds`
--

DROP TABLE IF EXISTS `jawatan__greds`;
/*!40101 SET @saved_cs_client     = @@character_set_client */;
/*!50503 SET character_set_client = utf8mb4 */;
CREATE TABLE `jawatan__greds` (
  `id` bigint unsigned NOT NULL AUTO_INCREMENT,
  `jawatan_id` int NOT NULL,
  `gred_id` int NOT NULL,
  `created_at` timestamp NULL DEFAULT NULL,
  `updated_at` timestamp NULL DEFAULT NULL,
  PRIMARY KEY (`id`)
) ENGINE=InnoDB AUTO_INCREMENT=287 DEFAULT CHARSET=utf8mb4 COLLATE=utf8mb4_unicode_ci;
/*!40101 SET character_set_client = @saved_cs_client */;

--
-- Dumping data for table `jawatan__greds`
--

LOCK TABLES `jawatan__greds` WRITE;
/*!40000 ALTER TABLE `jawatan__greds` DISABLE KEYS */;
INSERT INTO `jawatan__greds` VALUES (9,131,91,NULL,NULL),(10,131,93,NULL,NULL),(11,131,90,NULL,NULL),(12,131,10,NULL,NULL),(13,11,31,NULL,NULL),(14,11,32,NULL,NULL),(15,11,33,NULL,NULL),(16,11,34,NULL,NULL),(17,11,35,NULL,NULL),(18,12,31,NULL,NULL),(19,12,32,NULL,NULL),(20,12,33,NULL,NULL),(21,12,34,NULL,NULL),(22,12,35,NULL,NULL),(23,1,1,NULL,NULL),(24,1,2,NULL,NULL),(25,1,3,NULL,NULL),(26,1,4,NULL,NULL),(27,1,5,NULL,NULL),(28,5,1,NULL,NULL),(29,5,2,NULL,NULL),(30,5,3,NULL,NULL),(31,5,4,NULL,NULL),(32,5,5,NULL,NULL),(33,10,26,NULL,NULL),(34,10,27,NULL,NULL),(35,10,28,NULL,NULL),(36,10,29,NULL,NULL),(37,10,30,NULL,NULL),(38,15,42,NULL,NULL),(39,15,43,NULL,NULL),(40,15,44,NULL,NULL),(41,15,45,NULL,NULL),(42,15,46,NULL,NULL),(43,3,6,NULL,NULL),(44,3,7,NULL,NULL),(45,3,8,NULL,NULL),(46,3,9,NULL,NULL),(47,3,10,NULL,NULL),(48,6,16,NULL,NULL),(49,6,17,NULL,NULL),(50,6,18,NULL,NULL),(51,6,19,NULL,NULL),(52,6,20,NULL,NULL),(53,4,11,NULL,NULL),(54,4,12,NULL,NULL),(55,4,13,NULL,NULL),(56,4,14,NULL,NULL),(57,4,15,NULL,NULL),(58,13,31,NULL,NULL),(59,13,32,NULL,NULL),(60,13,33,NULL,NULL),(61,13,34,NULL,NULL),(62,13,35,NULL,NULL),(63,76,31,NULL,NULL),(64,76,32,NULL,NULL),(65,76,33,NULL,NULL),(66,76,34,NULL,NULL),(67,76,35,NULL,NULL),(68,121,31,NULL,NULL),(69,121,32,NULL,NULL),(70,121,33,NULL,NULL),(71,121,34,NULL,NULL),(72,121,35,NULL,NULL),(73,122,31,NULL,NULL),(74,122,32,NULL,NULL),(75,122,33,NULL,NULL),(76,122,34,NULL,NULL),(77,122,35,NULL,NULL),(78,62,1,NULL,NULL),(79,62,2,NULL,NULL),(80,62,3,NULL,NULL),(81,62,4,NULL,NULL),(82,62,5,NULL,NULL),(83,123,1,NULL,NULL),(84,123,2,NULL,NULL),(85,123,3,NULL,NULL),(86,123,4,NULL,NULL),(87,123,5,NULL,NULL),(88,124,1,NULL,NULL),(89,124,2,NULL,NULL),(90,124,3,NULL,NULL),(91,124,4,NULL,NULL),(92,124,5,NULL,NULL),(93,61,1,NULL,NULL),(94,61,2,NULL,NULL),(95,61,3,NULL,NULL),(96,61,4,NULL,NULL),(97,61,5,NULL,NULL),(98,51,1,NULL,NULL),(99,51,2,NULL,NULL),(100,51,3,NULL,NULL),(101,51,4,NULL,NULL),(102,51,5,NULL,NULL),(103,125,1,NULL,NULL),(104,125,2,NULL,NULL),(105,125,3,NULL,NULL),(106,125,4,NULL,NULL),(107,125,5,NULL,NULL),(108,63,1,NULL,NULL),(109,63,2,NULL,NULL),(110,63,3,NULL,NULL),(111,63,4,NULL,NULL),(112,63,5,NULL,NULL),(113,2,1,NULL,NULL),(114,2,2,NULL,NULL),(115,2,3,NULL,NULL),(116,2,4,NULL,NULL),(117,2,5,NULL,NULL),(118,77,76,NULL,NULL),(119,77,77,NULL,NULL),(120,77,78,NULL,NULL),(121,77,79,NULL,NULL),(122,30,76,NULL,NULL),(123,30,77,NULL,NULL),(124,30,78,NULL,NULL),(125,30,79,NULL,NULL),(126,31,76,NULL,NULL),(127,31,77,NULL,NULL),(128,31,78,NULL,NULL),(129,31,79,NULL,NULL),(130,79,31,NULL,NULL),(131,79,32,NULL,NULL),(132,79,33,NULL,NULL),(133,79,34,NULL,NULL),(134,79,35,NULL,NULL),(135,80,76,NULL,NULL),(136,80,77,NULL,NULL),(137,80,78,NULL,NULL),(138,80,79,NULL,NULL),(139,42,136,NULL,NULL),(140,42,137,NULL,NULL),(141,42,138,NULL,NULL),(142,78,76,NULL,NULL),(143,78,77,NULL,NULL),(144,78,78,NULL,NULL),(145,78,79,NULL,NULL),(146,46,76,NULL,NULL),(147,46,77,NULL,NULL),(148,46,78,NULL,NULL),(149,46,79,NULL,NULL),(150,46,31,NULL,NULL),(151,46,32,NULL,NULL),(152,46,33,NULL,NULL),(153,40,136,NULL,NULL),(154,40,137,NULL,NULL),(155,40,138,NULL,NULL),(156,40,139,NULL,NULL),(157,126,72,NULL,NULL),(158,126,73,NULL,NULL),(159,126,74,NULL,NULL),(160,126,75,NULL,NULL),(161,72,68,NULL,NULL),(162,72,69,NULL,NULL),(163,72,70,NULL,NULL),(164,72,71,NULL,NULL),(165,60,94,NULL,NULL),(166,60,95,NULL,NULL),(167,60,96,NULL,NULL),(168,60,163,NULL,NULL),(169,25,72,NULL,NULL),(170,25,73,NULL,NULL),(171,25,74,NULL,NULL),(172,25,75,NULL,NULL),(173,132,120,NULL,NULL),(174,132,121,NULL,NULL),(175,132,122,NULL,NULL),(176,132,123,NULL,NULL),(177,35,80,NULL,NULL),(178,35,81,NULL,NULL),(179,35,82,NULL,NULL),(180,35,83,NULL,NULL),(181,68,124,NULL,NULL),(182,68,125,NULL,NULL),(183,68,126,NULL,NULL),(184,68,127,NULL,NULL),(185,27,64,NULL,NULL),(186,27,65,NULL,NULL),(187,27,66,NULL,NULL),(188,27,67,NULL,NULL),(189,39,84,NULL,NULL),(190,39,85,NULL,NULL),(191,39,86,NULL,NULL),(192,39,87,NULL,NULL),(193,45,88,NULL,NULL),(194,45,89,NULL,NULL),(195,45,142,NULL,NULL),(196,45,143,NULL,NULL),(197,44,136,NULL,NULL),(198,44,137,NULL,NULL),(199,44,138,NULL,NULL),(200,44,139,NULL,NULL),(201,38,84,NULL,NULL),(202,38,85,NULL,NULL),(203,38,86,NULL,NULL),(204,38,87,NULL,NULL),(205,59,90,NULL,NULL),(206,59,91,NULL,NULL),(207,59,92,NULL,NULL),(208,59,93,NULL,NULL),(209,67,109,NULL,NULL),(210,67,110,NULL,NULL),(211,67,111,NULL,NULL),(212,67,112,NULL,NULL),(213,49,124,NULL,NULL),(214,49,125,NULL,NULL),(215,49,126,NULL,NULL),(216,49,127,NULL,NULL),(217,64,109,NULL,NULL),(218,64,110,NULL,NULL),(219,64,111,NULL,NULL),(220,64,112,NULL,NULL),(221,83,88,NULL,NULL),(222,83,89,NULL,NULL),(223,83,142,NULL,NULL),(224,83,143,NULL,NULL),(225,75,132,NULL,NULL),(226,75,133,NULL,NULL),(227,75,134,NULL,NULL),(228,75,135,NULL,NULL),(229,29,72,NULL,NULL),(230,29,73,NULL,NULL),(231,29,74,NULL,NULL),(232,29,75,NULL,NULL),(233,37,105,NULL,NULL),(234,37,106,NULL,NULL),(235,37,107,NULL,NULL),(236,37,108,NULL,NULL),(237,69,84,NULL,NULL),(238,69,85,NULL,NULL),(239,69,86,NULL,NULL),(240,69,87,NULL,NULL),(241,19,56,NULL,NULL),(242,19,57,NULL,NULL),(243,19,58,NULL,NULL),(244,19,59,NULL,NULL),(245,22,60,NULL,NULL),(246,22,61,NULL,NULL),(247,22,62,NULL,NULL),(248,22,63,NULL,NULL),(249,23,56,NULL,NULL),(250,23,57,NULL,NULL),(251,23,58,NULL,NULL),(252,23,59,NULL,NULL),(253,24,68,NULL,NULL),(254,24,69,NULL,NULL),(255,24,70,NULL,NULL),(256,24,71,NULL,NULL),(257,133,72,NULL,NULL),(258,133,73,NULL,NULL),(259,133,74,NULL,NULL),(260,133,75,NULL,NULL),(261,17,164,NULL,NULL),(262,17,165,NULL,NULL),(263,17,166,NULL,NULL),(264,17,167,NULL,NULL),(265,17,168,NULL,NULL),(266,86,38,NULL,NULL),(267,86,39,NULL,NULL),(268,86,40,NULL,NULL),(269,86,41,NULL,NULL),(270,86,150,NULL,NULL),(271,86,148,NULL,NULL),(272,86,147,NULL,NULL),(273,85,38,NULL,NULL),(274,85,39,NULL,NULL),(275,85,40,NULL,NULL),(276,85,41,NULL,NULL),(277,85,147,NULL,NULL),(278,85,148,NULL,NULL),(279,85,150,NULL,NULL),(280,120,38,NULL,NULL),(281,120,39,NULL,NULL),(282,120,40,NULL,NULL),(283,120,41,NULL,NULL),(284,120,147,NULL,NULL),(285,120,148,NULL,NULL),(286,120,150,NULL,NULL);
/*!40000 ALTER TABLE `jawatan__greds` ENABLE KEYS */;
UNLOCK TABLES;

--
-- Table structure for table `jawatans`
--

DROP TABLE IF EXISTS `jawatans`;
/*!40101 SET @saved_cs_client     = @@character_set_client */;
/*!50503 SET character_set_client = utf8mb4 */;
CREATE TABLE `jawatans` (
  `id` bigint unsigned NOT NULL AUTO_INCREMENT,
  `kod_jawatan` varchar(255) CHARACTER SET utf8mb4 COLLATE utf8mb4_unicode_ci NOT NULL,
  `desc_jawatan` varchar(255) CHARACTER SET utf8mb4 COLLATE utf8mb4_unicode_ci NOT NULL,
  `created_at` timestamp NULL DEFAULT NULL,
  `updated_at` timestamp NULL DEFAULT NULL,
  PRIMARY KEY (`id`)
) ENGINE=InnoDB AUTO_INCREMENT=134 DEFAULT CHARSET=utf8mb4 COLLATE=utf8mb4_unicode_ci;
/*!40101 SET character_set_client = @saved_cs_client */;

--
-- Dumping data for table `jawatans`
--

LOCK TABLES `jawatans` WRITE;
/*!40000 ALTER TABLE `jawatans` DISABLE KEYS */;
INSERT INTO `jawatans` VALUES (1,'C','PEGAWAI PENYEDIAAN MAKANAN','2025-03-24 09:56:18','2025-03-24 09:56:18'),(2,'C','PEGAWAI SAINS','2025-03-24 09:56:30','2025-03-24 09:56:30'),(3,'F','PEGAWAI TEKNOLOGI MAKLUMAT','2025-03-26 09:53:27','2025-03-26 09:53:27'),(4,'J','JURUTERA','2025-03-26 09:54:04','2025-03-26 09:54:04'),(5,'C','PEGAWAI TEKNOLOGI MAKANAN','2025-04-07 15:06:14','2025-04-07 15:06:14'),(6,'M','PEGAWAI TADBIR DAN DIPLOMATIK','2025-04-07 15:12:34','2025-04-07 15:12:34'),(7,'N','PEGAWAI TADBIR','2025-04-07 15:12:52','2025-04-07 15:12:52'),(8,'S','PEGAWAI HAL EHWAL ISLAM','2025-04-07 15:13:51','2025-04-07 15:13:51'),(9,'S','PEGAWAI PENERANGAN','2025-04-07 15:14:04','2025-04-07 15:14:04'),(10,'S','PEGAWAI PSIKOLOGI','2025-04-07 15:14:18','2025-04-07 15:14:18'),(11,'U','PEGAWAI DIETETIK','2025-04-07 15:14:45','2025-04-07 15:14:45'),(12,'U','PEGAWAI OPTOMETRI','2025-04-07 15:14:58','2025-04-07 15:14:58'),(13,'U','PEGAWAI PEMULIHAN PERUBATAN (CARAKERJA)','2025-04-07 15:15:23','2025-05-18 01:13:16'),(14,'UD','PEGAWAI PERUBATAN','2025-04-07 15:16:32','2025-04-07 15:16:32'),(15,'UF','PEGAWAI FARMASI','2025-04-07 15:16:55','2025-04-07 15:16:55'),(16,'UG','PEGAWAI PERGIGIAN','2025-04-07 15:17:11','2025-04-07 15:17:11'),(17,'W','AKAUNTAN','2025-04-07 15:21:25','2025-04-07 15:21:25'),(18,'C','PENOLONG PEGAWAI ALAM SEKITAR','2025-04-07 16:42:05','2025-04-07 16:42:05'),(19,'C','PENOLONG PEGAWAI PENYEDIAAN MAKANAN','2025-04-07 16:42:30','2025-04-07 16:42:30'),(20,'C','PENOLONG PEGAWAI SAINS','2025-04-07 16:42:45','2025-04-07 16:42:45'),(22,'F','PENOLONG PEGAWAI TEKNOLOGI MAKLUMAT','2025-04-07 16:44:02','2025-04-07 16:44:02'),(23,'C','PENOLONG PEGAWAI TEKNOLOGI MAKANAN','2025-04-07 16:44:32','2025-04-07 16:44:32'),(24,'N','PENOLONG PEGAWAI TADBIR','2025-04-12 14:40:47','2025-04-12 14:40:47'),(25,'S','PENOLONG PEGAWAI HAL EHWAL ISLAM','2025-04-12 14:43:22','2025-04-12 14:45:22'),(26,'S','PENOLONG PEGAWAI PENERANGAN','2025-04-12 14:44:12','2025-04-12 14:45:17'),(27,'K','PENOLONG PEGAWAI KESELAMATAN','2025-04-12 14:44:37','2025-04-12 14:44:37'),(28,'S','PENOLONG PEGAWAI PSIKOLOGI','2025-04-12 14:45:35','2025-04-12 14:45:35'),(29,'S','PENOLONG PUSTAKAWAN','2025-04-12 14:45:51','2025-04-12 14:45:51'),(30,'U','JURUPULIH PERUBATAN (CARAKERJA)','2025-04-12 14:46:12','2025-05-18 01:14:47'),(31,'U','JURUTEKNOLOGI MAKMAL PERUBATAN','2025-04-12 14:46:30','2025-04-12 14:46:30'),(32,'U','JURUTEKNOLOGI PERGIGIAN','2025-04-12 14:46:44','2025-04-12 14:46:44'),(33,'U','JURUTERAPI PERGIGIAN','2025-04-12 14:47:00','2025-04-12 14:47:00'),(34,'U','PENOLONG PEGAWAI FARMASI','2025-04-12 14:47:13','2025-04-12 14:47:13'),(35,'W','PENOLONG AKAUNTAN','2025-04-12 14:47:28','2025-04-12 14:47:28'),(36,'C','PEMBANTU MAKMAL','2025-04-12 14:48:18','2025-04-12 14:48:18'),(37,'F','JURUTEKNIK KOMPUTER','2025-04-12 14:48:40','2025-05-17 20:25:43'),(38,'N','PEMBANTU PENYEDIAAN MAKANAN','2025-04-12 14:49:57','2025-04-12 14:49:57'),(39,'N','PEMBANTU TADBIR (PERKERANIAN/OPERASI)','2025-04-12 14:50:20','2025-05-17 20:40:00'),(40,'U','JURURAWAT MASYARAKAT','2025-04-12 14:50:54','2025-04-12 14:50:54'),(41,'U','JURUTEKNIK PERUBATAN','2025-04-12 14:51:08','2025-04-12 14:51:08'),(42,'U','PEMBANTU KESIHATAN AWAM','2025-04-12 14:51:22','2025-04-12 14:51:22'),(43,'U','PEMBANTU PEMBEDAHAN PERGIGIAN','2025-04-12 14:51:37','2025-04-12 14:51:37'),(44,'U','PEMBANTU PERAWATAN KESIHATAN','2025-04-12 14:51:52','2025-04-12 14:51:52'),(45,'W','PEMBANTU TADBIR (KEWANGAN)','2025-04-12 14:52:13','2025-04-12 14:52:13'),(46,'U','JURURAWAT','2025-05-17 20:25:15','2025-05-17 20:25:15'),(47,'U','PENOLONG PEGAWAI PERUBATAN','2025-05-17 20:25:28','2025-05-17 20:25:28'),(48,'J','PELUKIS PELAN (KEJURUTERAAN AWAM)/PENOLONG JURUTERA','2025-05-17 20:26:15','2025-05-18 01:05:33'),(49,'K','PEMBANTU KESELAMATAN','2025-05-17 20:26:34','2025-05-17 20:26:34'),(51,'C','PEGAWAI SAINS (MIKROBIOLOGI)','2025-05-17 20:37:05','2025-05-18 01:01:34'),(52,'UG','PEGAWAI PERGIGIAN (PAKAR ORTHODONTIK)','2025-05-17 20:57:14','2025-05-18 19:09:07'),(53,'UG','PEGAWAI PERGIGIAN (PAKAR PAEDODONTIK)','2025-05-17 20:57:32','2025-05-18 19:09:29'),(54,'UG','PEGAWAI PERGIGIAN (PAKAR BEDAH MULUT)','2025-05-17 20:57:49','2025-05-18 19:10:01'),(55,'UG','PEGAWAI PERGIGIAN (PAKAR PERUBATAN DAN PATOLOGI)','2025-05-17 20:58:07','2025-05-18 19:10:14'),(56,'UG','PEGAWAI PERGIGIAN (PAKAR RESTORATIF)','2025-05-17 20:58:25','2025-05-18 19:10:27'),(57,'UG','PEGAWAI PERGIGIAN (PAKAR PERIODONTIK)','2025-05-17 20:58:42','2025-05-18 19:10:39'),(58,'UG','PEGAWAI PERGIGIAN (PAKAR KESIHATAN AWAM)','2025-05-17 20:59:01','2025-05-18 19:10:54'),(59,'A','PEMBANTU LAUT','2025-05-18 00:56:01','2025-05-18 00:56:01'),(60,'B','PEREKA','2025-05-18 01:00:41','2025-05-18 01:00:41'),(61,'C','PEGAWAI SAINS (KIMIA HAYAT)','2025-05-18 01:01:49','2025-05-18 01:01:49'),(62,'C','PEGAWAI SAINS (FIZIK)','2025-05-18 01:02:02','2025-05-18 01:02:02'),(63,'C','PEGAWAI SAINS (MAKANAN)','2025-05-18 01:02:13','2025-05-18 01:02:13'),(64,'H','PEMBANTU KEMAHIRAN','2025-05-18 01:03:17','2025-05-18 01:03:17'),(65,'H','PEMANDU KENDERAAN','2025-05-18 01:04:10','2025-05-18 01:04:10'),(66,'H','PEMBANTU AWAM','2025-05-18 01:04:24','2025-05-18 01:04:24'),(67,'H','PEMBANTU KHIDMAT AM','2025-05-18 01:04:45','2025-05-18 01:04:45'),(68,'K','PENGAWAL KESELAMATAN','2025-05-18 01:06:10','2026-05-05 20:37:39'),(69,'N','JURUAUDIO VISUAL','2025-05-18 01:06:55','2025-05-18 01:06:55'),(70,'N','PENYELIA ASRAMA','2025-05-18 01:07:48','2025-05-18 01:07:48'),(71,'N','PEGAWAI KHIDMAT PELANGGAN','2025-05-18 01:08:07','2025-05-18 01:08:07'),(72,'N','PEMBANTU SETIAUSAHA PEJABAT/SETIAUSAHA PEJABAT','2025-05-18 01:08:42','2025-05-18 01:08:42'),(73,'N','PEMBANTU OPERASI','2025-05-18 01:09:45','2025-05-18 01:09:45'),(74,'S','PEGAWAI PEMBANGUNAN MASYARAKAT','2025-05-18 01:11:07','2025-05-18 01:11:07'),(75,'S','PEMBANTU PUSTAKAWAN','2025-05-18 01:12:30','2025-05-18 01:12:30'),(76,'U','PEGAWAI PEMULIHAN PERUBATAN (FISIOTERAPI)','2025-05-18 01:13:43','2025-05-18 01:13:43'),(77,'U','JURUPULIH PERUBATAN (FISIOTERAPI)','2025-05-18 01:15:04','2025-05-18 01:15:04'),(78,'U','JURU X-RAY','2025-05-18 01:15:45','2025-05-18 01:15:45'),(79,'U','PEGAWAI KESIHATAN PERSEKITARAN','2025-05-18 16:44:33','2025-05-18 16:44:33'),(80,'U','PENOLONG PEGAWAI KESIHATAN PERSEKITARAN','2025-05-18 16:44:57','2025-05-18 16:44:57'),(81,'U','PENOLONG PEGAWAI PERUBATAN','2025-05-18 16:45:34','2025-05-18 16:45:34'),(83,'W','PEMBANTU AKAUNTAN','2025-05-18 16:47:18','2025-05-18 16:47:18'),(84,'U','PENOLONG JURURAWAT','2025-05-19 17:44:32','2025-05-19 17:44:32'),(85,'UD','PEGAWAI PERUBATAN (PAKAR PERUBATAN KESIHATAN AWAM)','2025-05-19 17:44:54','2025-08-24 18:46:12'),(86,'UD','PEGAWAI PERUBATAN (PAKAR KESIHATAN KELUARGA)','2025-05-19 17:45:20','2025-08-24 18:46:28'),(88,'U','PEGAWAI PERUBATAN (PAKAR ANESTESIOLOGI)','2025-05-19 17:48:29','2025-05-19 17:48:29'),(89,'U','PEGAWAI PERUBATAN (PAKAR KECEMASAN & TRAUMA)','2025-05-19 17:48:54','2025-05-19 17:48:54'),(90,'U','PEGAWAI PERUBATAN (PAKAR OBSTETRIK &GINEKOLOGI)','2025-05-19 17:50:36','2025-05-19 17:53:00'),(91,'U','PEGAWAI PERUBATAN (PAKAR OFTALMOLOGI)','2025-05-19 17:51:05','2025-05-19 17:51:05'),(92,'U','PEGAWAI PERUBATAN (PAKAR OTORINOLARINGOLOGI)','2025-05-19 17:52:25','2025-05-19 17:52:25'),(93,'U','PEGAWAI PERUBATAN (PAKAR ORTOPEDIK)','2025-05-19 17:53:42','2025-05-19 17:53:42'),(94,'U','PEGAWAI PERUBATAN (PAKAR PATOLOGI MIKROBIOLOGI)','2025-05-19 17:54:25','2025-05-19 17:54:25'),(95,'U','PEGAWAI PERUBATAN (PAKAR PATOLOGI HISPATOLOGI)','2025-05-19 17:55:11','2025-05-19 17:55:11'),(96,'U','PEGAWAI PERUBATAN ( PAKAR PATOLOGI HEMATOLOGI )','2025-05-19 17:55:41','2025-05-19 17:55:41'),(97,'U','PEGAWAI PERUBATAN (PAKAR PATOLOGI KIMIA)','2025-05-19 17:56:18','2025-05-19 17:56:18'),(98,'U','PEGAWAI PERUBATAN (PAKAR PATOLOGI ANATOMIK)','2025-05-19 17:56:58','2025-05-19 17:56:58'),(99,'U','PEGAWAI PERUBATAN (PAKAR TRANSFUSI)','2025-05-19 17:57:31','2025-05-19 17:57:31'),(100,'U','PEGAWAI PERUBATAN (PAKAR PEDIATRIK)','2025-05-19 17:57:58','2025-05-19 17:57:58'),(101,'U','PEGAWAI PERUBATAN (PAKAR PERUBATAN BEDAH UMUM)','2025-05-19 17:58:26','2025-05-19 17:58:26'),(102,'U','PEGAWAI PERUBATAN (PAKAR PERUBATAN UMUM)','2025-05-19 17:59:17','2025-05-19 17:59:17'),(103,'U','PEGAWAI PERUBATAN (PAKAR PERUBATAN DALAMAN)','2025-05-19 17:59:39','2025-05-19 17:59:39'),(104,'U','PEGAWAI PERUBATAN (PAKAR PSIKIATRI)','2025-05-19 18:00:07','2025-05-19 18:00:07'),(105,'U','PEGAWAI PERUBATAN (PAKAR RADIOLOGI)','2025-05-19 18:00:40','2025-05-19 18:00:40'),(106,'U','PEGAWAI PERUBATAN (PAKAR PERUBATAN BEDAH KANAK-KANAK)','2025-05-28 17:59:00','2025-05-28 17:59:00'),(107,'U','PEGAWAI PERUBATAN (PAKAR PERUBATAN DERMATOLOGI)','2025-05-28 18:00:04','2025-05-28 18:00:04'),(108,'U','PEGAWAI PERUBATAN (PAKAR PERUBATAN NEUROLOGI)','2025-05-28 18:00:53','2025-05-28 18:00:53'),(109,'U','PEGAWAI PERUBATAN (PAKAR PERUBATAN NEFROLOGI)','2025-05-28 18:01:20','2025-05-28 18:01:20'),(110,'U','PEGAWAI PERUBATAN (PAKAR PERUBATAN BEDAH NEURO)','2025-05-28 18:01:51','2025-05-28 18:01:51'),(111,'U','PEGAWAI PERUBATAN (PAKAR PERUBATAN BEDAH UROLOGI)','2025-05-28 18:02:19','2025-05-28 18:02:19'),(112,'U','PEGAWAI PERUBATAN (PAKAR PERUBATAN BEDAH PLASTIK)','2025-05-28 18:02:47','2025-05-28 18:02:47'),(113,'U','PEGAWAI PERUBATAN (PAKAR PERUBATAN KAJI PENYAKIT)','2025-05-28 18:03:27','2025-05-28 18:03:27'),(114,'U','PEGAWAI PERUBATAN (PAKAR PERUBATAN KAJI PENYAKIT)','2025-05-28 18:05:09','2025-05-28 18:05:09'),(115,'U','PEGAWAI PERUBATAN (PAKAR PERUBATAN KARDIOTHORASIK)','2025-05-28 18:05:41','2025-05-28 18:05:41'),(116,'U','PEGAWAI PERUBATAN (PAKAR PERUBATAN KARDIOLOGI)','2025-05-28 18:06:01','2025-05-28 18:06:01'),(117,'U','PEGAWAI PERUBATAN (PAKAR PERUBATAN TIBI)','2025-05-28 18:06:16','2025-05-28 18:06:16'),(118,'U','PEGAWAI PERUBATAN (PAKAR PERUBATAN PEMULIHAN)','2025-05-28 18:07:06','2025-05-28 18:07:06'),(119,'U','PEGAWAI PERUBATAN (PAKAR PERUBATAN KAJI DARAH)','2025-05-28 18:07:31','2025-05-28 18:07:31'),(120,'U','PEGAWAI PERUBATAN (PAKAR PERUBATAN FORENSIK)','2025-05-28 18:10:40','2025-05-28 18:10:40'),(121,'U','PEGAWAI PEMULIHAN PERUBATAN (PERTUTURAN)','2025-07-09 00:30:25','2026-05-04 00:18:14'),(122,'U','PEGAWAI PEMULIHAN PERUBATAN (PENDENGARAN)','2025-07-09 00:30:54','2026-05-04 00:18:41'),(123,'C','PEGAWAI SAINS (FORENSIK)','2025-07-09 00:31:19','2026-05-04 00:21:28'),(124,'C','PEGAWAI SAINS (BIOMEDIKAL)','2025-07-09 00:31:32','2026-05-04 00:21:58'),(125,'C','PEGAWAI SAINS (EMBRIOLOGI)','2025-07-09 00:31:45','2026-05-04 00:23:39'),(126,'S','PENOLONG PEGAWAI PEMBANGUNAN MASYARAKAT','2026-02-13 07:32:06','2026-02-13 07:32:06'),(127,'S','PENOLONG PEGAWAI SOSIAL','2026-02-13 07:32:28','2026-02-13 07:32:28'),(128,'U','PEGAWAI PERUBATAN (PAKAR PATOLOGI AM)','2026-02-17 18:21:42','2026-02-17 18:21:42'),(132,'JA','PENOLONG JURUTERA','2026-05-05 20:35:17','2026-05-05 20:35:17'),(133,'S','PENOLONG PEGAWAI PENDIDIKAN KESIHATAN','2026-05-05 20:49:40','2026-05-05 20:49:40');
/*!40000 ALTER TABLE `jawatans` ENABLE KEYS */;
UNLOCK TABLES;

--
-- Table structure for table `job_batches`
--

DROP TABLE IF EXISTS `job_batches`;
/*!40101 SET @saved_cs_client     = @@character_set_client */;
/*!50503 SET character_set_client = utf8mb4 */;
CREATE TABLE `job_batches` (
  `id` varchar(255) CHARACTER SET utf8mb4 COLLATE utf8mb4_unicode_ci NOT NULL,
  `name` varchar(255) CHARACTER SET utf8mb4 COLLATE utf8mb4_unicode_ci NOT NULL,
  `total_jobs` int NOT NULL,
  `pending_jobs` int NOT NULL,
  `failed_jobs` int NOT NULL,
  `failed_job_ids` longtext CHARACTER SET utf8mb4 COLLATE utf8mb4_unicode_ci NOT NULL,
  `options` mediumtext CHARACTER SET utf8mb4 COLLATE utf8mb4_unicode_ci,
  `cancelled_at` int DEFAULT NULL,
  `created_at` int NOT NULL,
  `finished_at` int DEFAULT NULL,
  PRIMARY KEY (`id`)
) ENGINE=InnoDB DEFAULT CHARSET=utf8mb4 COLLATE=utf8mb4_unicode_ci;
/*!40101 SET character_set_client = @saved_cs_client */;

--
-- Dumping data for table `job_batches`
--

LOCK TABLES `job_batches` WRITE;
/*!40000 ALTER TABLE `job_batches` DISABLE KEYS */;
/*!40000 ALTER TABLE `job_batches` ENABLE KEYS */;
UNLOCK TABLES;

--
-- Table structure for table `jobs`
--

DROP TABLE IF EXISTS `jobs`;
/*!40101 SET @saved_cs_client     = @@character_set_client */;
/*!50503 SET character_set_client = utf8mb4 */;
CREATE TABLE `jobs` (
  `id` bigint unsigned NOT NULL AUTO_INCREMENT,
  `queue` varchar(255) CHARACTER SET utf8mb4 COLLATE utf8mb4_unicode_ci NOT NULL,
  `payload` longtext CHARACTER SET utf8mb4 COLLATE utf8mb4_unicode_ci NOT NULL,
  `attempts` tinyint unsigned NOT NULL,
  `reserved_at` int unsigned DEFAULT NULL,
  `available_at` int unsigned NOT NULL,
  `created_at` int unsigned NOT NULL,
  PRIMARY KEY (`id`),
  KEY `jobs_queue_index` (`queue`)
) ENGINE=InnoDB DEFAULT CHARSET=utf8mb4 COLLATE=utf8mb4_unicode_ci;
/*!40101 SET character_set_client = @saved_cs_client */;

--
-- Dumping data for table `jobs`
--

LOCK TABLES `jobs` WRITE;
/*!40000 ALTER TABLE `jobs` DISABLE KEYS */;
/*!40000 ALTER TABLE `jobs` ENABLE KEYS */;
UNLOCK TABLES;

--
-- Table structure for table `migrations`
--

DROP TABLE IF EXISTS `migrations`;
/*!40101 SET @saved_cs_client     = @@character_set_client */;
/*!50503 SET character_set_client = utf8mb4 */;
CREATE TABLE `migrations` (
  `id` int unsigned NOT NULL AUTO_INCREMENT,
  `migration` varchar(255) CHARACTER SET utf8mb4 COLLATE utf8mb4_unicode_ci NOT NULL,
  `batch` int NOT NULL,
  PRIMARY KEY (`id`)
) ENGINE=InnoDB AUTO_INCREMENT=30 DEFAULT CHARSET=utf8mb4 COLLATE=utf8mb4_unicode_ci;
/*!40101 SET character_set_client = @saved_cs_client */;

--
-- Dumping data for table `migrations`
--

LOCK TABLES `migrations` WRITE;
/*!40000 ALTER TABLE `migrations` DISABLE KEYS */;
INSERT INTO `migrations` VALUES (1,'0001_01_01_000000_create_users_table',1),(2,'0001_01_01_000001_create_cache_table',1),(3,'0001_01_01_000002_create_jobs_table',1),(4,'2026_04_20_014628_add_columns_to_users_table',2),(5,'2026_04_20_020308_create_ptjs_table',2),(6,'2026_04_20_081729_create_jawatans_table',3),(7,'2026_04_21_235737_create_greds_table',4),(8,'2026_04_22_001831_create_jawatan__greds_table',5),(9,'2026_04_22_015149_create_bahagians_table',6),(10,'2026_04_22_023838_create_units_table',7),(11,'2026_04_22_034507_create_subunits_table',8),(12,'2026_04_22_034602_create_duns_table',8),(13,'2026_04_22_034921_create_parlimens_table',9),(14,'2026_04_22_070418_create_warans_table',10),(15,'2026_04_22_075542_create_programs_table',11),(16,'2026_04_22_140111_create_aktivitis_table',12),(17,'2026_04_23_014923_create_waran_programs_table',13),(18,'2026_04_23_040648_create_pegawais_table',14),(19,'2026_04_27_074858_create_waran__programs_table',15),(20,'2026_04_28_061829_create_butirans_table',15),(21,'2026_04_28_065024_create_butirans_table',16),(22,'2026_04_28_065245_create_butiran__aktivitis_table',17),(23,'2026_04_28_082237_create_butirans_table',18),(24,'2026_04_29_004954_create_butiran__jawatans_table',19),(25,'2026_04_29_032445_create_opsyen_pencens_table',20),(26,'2026_04_29_061510_create_pegawais_table',21),(27,'2026_04_29_135019_create_pegawai_kontraks_table',22),(28,'2026_04_29_150419_create_waran_jawatans_table',23),(29,'2026_05_05_000940_add_parent_id_to_warans',24);
/*!40000 ALTER TABLE `migrations` ENABLE KEYS */;
UNLOCK TABLES;

--
-- Table structure for table `opsyen_pencens`
--

DROP TABLE IF EXISTS `opsyen_pencens`;
/*!40101 SET @saved_cs_client     = @@character_set_client */;
/*!50503 SET character_set_client = utf8mb4 */;
CREATE TABLE `opsyen_pencens` (
  `id` bigint unsigned NOT NULL AUTO_INCREMENT,
  `opsyen` varchar(10) CHARACTER SET utf8mb4 COLLATE utf8mb4_unicode_ci NOT NULL,
  `created_at` timestamp NULL DEFAULT NULL,
  `updated_at` timestamp NULL DEFAULT NULL,
  PRIMARY KEY (`id`)
) ENGINE=InnoDB AUTO_INCREMENT=5 DEFAULT CHARSET=utf8mb4 COLLATE=utf8mb4_unicode_ci;
/*!40101 SET character_set_client = @saved_cs_client */;

--
-- Dumping data for table `opsyen_pencens`
--

LOCK TABLES `opsyen_pencens` WRITE;
/*!40000 ALTER TABLE `opsyen_pencens` DISABLE KEYS */;
INSERT INTO `opsyen_pencens` VALUES (1,'55','2026-04-28 19:33:59','2026-04-28 19:33:59'),(2,'56','2026-04-28 19:34:49','2026-04-28 19:34:49'),(3,'58','2026-04-28 19:34:53','2026-04-28 19:34:53'),(4,'60','2026-04-28 19:55:16','2026-04-28 19:55:16');
/*!40000 ALTER TABLE `opsyen_pencens` ENABLE KEYS */;
UNLOCK TABLES;

--
-- Table structure for table `parlimens`
--

DROP TABLE IF EXISTS `parlimens`;
/*!40101 SET @saved_cs_client     = @@character_set_client */;
/*!50503 SET character_set_client = utf8mb4 */;
CREATE TABLE `parlimens` (
  `id` bigint unsigned NOT NULL AUTO_INCREMENT,
  `nama_parlimen` varchar(255) CHARACTER SET utf8mb4 COLLATE utf8mb4_unicode_ci NOT NULL,
  `created_at` timestamp NULL DEFAULT NULL,
  `updated_at` timestamp NULL DEFAULT NULL,
  PRIMARY KEY (`id`)
) ENGINE=InnoDB AUTO_INCREMENT=2 DEFAULT CHARSET=utf8mb4 COLLATE=utf8mb4_unicode_ci;
/*!40101 SET character_set_client = @saved_cs_client */;

--
-- Dumping data for table `parlimens`
--

LOCK TABLES `parlimens` WRITE;
/*!40000 ALTER TABLE `parlimens` DISABLE KEYS */;
INSERT INTO `parlimens` VALUES (1,'LANGKAWI','2026-04-21 20:17:02','2026-04-21 20:17:02');
/*!40000 ALTER TABLE `parlimens` ENABLE KEYS */;
UNLOCK TABLES;

--
-- Table structure for table `password_reset_tokens`
--

DROP TABLE IF EXISTS `password_reset_tokens`;
/*!40101 SET @saved_cs_client     = @@character_set_client */;
/*!50503 SET character_set_client = utf8mb4 */;
CREATE TABLE `password_reset_tokens` (
  `email` varchar(255) CHARACTER SET utf8mb4 COLLATE utf8mb4_unicode_ci NOT NULL,
  `token` varchar(255) CHARACTER SET utf8mb4 COLLATE utf8mb4_unicode_ci NOT NULL,
  `created_at` timestamp NULL DEFAULT NULL,
  PRIMARY KEY (`email`)
) ENGINE=InnoDB DEFAULT CHARSET=utf8mb4 COLLATE=utf8mb4_unicode_ci;
/*!40101 SET character_set_client = @saved_cs_client */;

--
-- Dumping data for table `password_reset_tokens`
--

LOCK TABLES `password_reset_tokens` WRITE;
/*!40000 ALTER TABLE `password_reset_tokens` DISABLE KEYS */;
/*!40000 ALTER TABLE `password_reset_tokens` ENABLE KEYS */;
UNLOCK TABLES;

--
-- Table structure for table `pegawai_kontraks`
--

DROP TABLE IF EXISTS `pegawai_kontraks`;
/*!40101 SET @saved_cs_client     = @@character_set_client */;
/*!50503 SET character_set_client = utf8mb4 */;
CREATE TABLE `pegawai_kontraks` (
  `id` bigint unsigned NOT NULL AUTO_INCREMENT,
  `pegawai_id` int NOT NULL,
  `tarikh_lantikan1` date NOT NULL,
  `tarikh_tamat1` date NOT NULL,
  `tarikh_lantikan2` date DEFAULT NULL,
  `tarikh_tamat2` date DEFAULT NULL,
  `tarikh_lantikan3` date DEFAULT NULL,
  `tarikh_tamat3` date DEFAULT NULL,
  `tarikh_lantikan4` date DEFAULT NULL,
  `tarikh_tamat4` date DEFAULT NULL,
  `tarikh_lantikan5` date DEFAULT NULL,
  `tarikh_tamat5` date DEFAULT NULL,
  `created_at` timestamp NULL DEFAULT NULL,
  `updated_at` timestamp NULL DEFAULT NULL,
  PRIMARY KEY (`id`)
) ENGINE=InnoDB AUTO_INCREMENT=2 DEFAULT CHARSET=utf8mb4 COLLATE=utf8mb4_unicode_ci;
/*!40101 SET character_set_client = @saved_cs_client */;

--
-- Dumping data for table `pegawai_kontraks`
--

LOCK TABLES `pegawai_kontraks` WRITE;
/*!40000 ALTER TABLE `pegawai_kontraks` DISABLE KEYS */;
INSERT INTO `pegawai_kontraks` VALUES (1,1,'2023-04-07','2026-04-11',NULL,NULL,NULL,NULL,NULL,NULL,NULL,NULL,'2026-04-29 06:10:23','2026-05-04 19:28:07');
/*!40000 ALTER TABLE `pegawai_kontraks` ENABLE KEYS */;
UNLOCK TABLES;

--
-- Table structure for table `pegawais`
--

DROP TABLE IF EXISTS `pegawais`;
/*!40101 SET @saved_cs_client     = @@character_set_client */;
/*!50503 SET character_set_client = utf8mb4 */;
CREATE TABLE `pegawais` (
  `id` bigint unsigned NOT NULL AUTO_INCREMENT,
  `ptj_id` int NOT NULL,
  `bahagian_id` int NOT NULL,
  `unit_id` int NOT NULL,
  `subunit_id` int NOT NULL,
  `jawatan_gred_id` int NOT NULL,
  `opsyen_pencen_id` int DEFAULT NULL,
  `nama` varchar(255) CHARACTER SET utf8mb4 COLLATE utf8mb4_unicode_ci NOT NULL,
  `nokp` varchar(255) CHARACTER SET utf8mb4 COLLATE utf8mb4_unicode_ci NOT NULL,
  `jantina` varchar(255) CHARACTER SET utf8mb4 COLLATE utf8mb4_unicode_ci NOT NULL,
  `tarikh_lantikan` date DEFAULT NULL,
  `tarikh_sah_jawatan` date DEFAULT NULL,
  `tarikh_pencen` date DEFAULT NULL,
  `is_kontrak` tinyint(1) NOT NULL DEFAULT '0',
  `is_kup` tinyint(1) NOT NULL DEFAULT '0',
  `is_kupj` tinyint(1) NOT NULL DEFAULT '0',
  `is_jtw` tinyint(1) NOT NULL DEFAULT '0',
  `created_at` timestamp NULL DEFAULT NULL,
  `updated_at` timestamp NULL DEFAULT NULL,
  `emel` varchar(100) CHARACTER SET utf8mb4 COLLATE utf8mb4_unicode_ci DEFAULT NULL,
  PRIMARY KEY (`id`)
) ENGINE=InnoDB AUTO_INCREMENT=3 DEFAULT CHARSET=utf8mb4 COLLATE=utf8mb4_unicode_ci;
/*!40101 SET character_set_client = @saved_cs_client */;

--
-- Dumping data for table `pegawais`
--

LOCK TABLES `pegawais` WRITE;
/*!40000 ALTER TABLE `pegawais` DISABLE KEYS */;
INSERT INTO `pegawais` VALUES (1,13,2,4,2,43,NULL,'NURMAISARAH BINTI SUZAIMEE','020822090278','perempuan',NULL,NULL,NULL,1,0,0,0,'2026-04-29 06:10:23','2026-05-04 19:28:07','nmaisarah.suzaimee@moh.gov.my'),(2,13,2,4,1,44,NULL,'ALI BIN AHMAD','960910094237','lelaki','2026-04-01','2026-04-01','2051-09-10',0,0,0,0,'2026-04-29 06:12:16','2026-05-04 19:28:49',NULL);
/*!40000 ALTER TABLE `pegawais` ENABLE KEYS */;
UNLOCK TABLES;

--
-- Table structure for table `programs`
--

DROP TABLE IF EXISTS `programs`;
/*!40101 SET @saved_cs_client     = @@character_set_client */;
/*!50503 SET character_set_client = utf8mb4 */;
CREATE TABLE `programs` (
  `id` bigint unsigned NOT NULL AUTO_INCREMENT,
  `nama_program` varchar(255) CHARACTER SET utf8mb4 COLLATE utf8mb4_unicode_ci NOT NULL,
  `desc_program` varchar(255) COLLATE utf8mb4_unicode_ci DEFAULT NULL,
  `created_at` timestamp NULL DEFAULT NULL,
  `updated_at` timestamp NULL DEFAULT NULL,
  PRIMARY KEY (`id`)
) ENGINE=InnoDB AUTO_INCREMENT=13 DEFAULT CHARSET=utf8mb4 COLLATE=utf8mb4_unicode_ci;
/*!40101 SET character_set_client = @saved_cs_client */;

--
-- Dumping data for table `programs`
--

LOCK TABLES `programs` WRITE;
/*!40000 ALTER TABLE `programs` DISABLE KEYS */;
INSERT INTO `programs` VALUES (2,'PROGRAM 2','PENGURUSAN HOSPITAL','2026-04-22 06:33:41','2026-05-05 23:38:59'),(5,'PROGRAM 5','PENGURUSAN FARMASI','2026-04-22 16:20:46','2026-05-05 23:39:57'),(6,'PROGRAM 1','PROGRAM PENGURUSAN','2026-04-26 22:45:43','2026-05-05 23:15:33'),(7,'PROGRAM 4','KESIHATAN PERGIGIAN','2026-04-26 22:49:23','2026-05-05 23:39:39'),(8,'PROGRAM 3','KESIHATAN AWAM','2026-04-29 09:06:29','2026-05-05 23:39:17'),(10,'PROGRAM 7','KESELAMATAN DAN KUALITI MAKANAN','2026-05-05 20:29:12','2026-05-05 23:40:22');
/*!40000 ALTER TABLE `programs` ENABLE KEYS */;
UNLOCK TABLES;

--
-- Table structure for table `ptjs`
--

DROP TABLE IF EXISTS `ptjs`;
/*!40101 SET @saved_cs_client     = @@character_set_client */;
/*!50503 SET character_set_client = utf8mb4 */;
CREATE TABLE `ptjs` (
  `id` bigint unsigned NOT NULL AUTO_INCREMENT,
  `nama_ptj` varchar(255) CHARACTER SET utf8mb4 COLLATE utf8mb4_unicode_ci NOT NULL,
  `kod_ptj` int NOT NULL,
  `alamat` text CHARACTER SET utf8mb4 COLLATE utf8mb4_unicode_ci NOT NULL,
  `pengarah` varchar(255) CHARACTER SET utf8mb4 COLLATE utf8mb4_unicode_ci NOT NULL,
  `is_jkn` tinyint NOT NULL DEFAULT '0',
  `rujukan_surat` varchar(35) CHARACTER SET utf8mb4 COLLATE utf8mb4_unicode_ci DEFAULT NULL,
  `created_at` timestamp NULL DEFAULT NULL,
  `updated_at` timestamp NULL DEFAULT NULL,
  PRIMARY KEY (`id`)
) ENGINE=InnoDB AUTO_INCREMENT=35 DEFAULT CHARSET=utf8mb4 COLLATE=utf8mb4_unicode_ci;
/*!40101 SET character_set_client = @saved_cs_client */;

--
-- Dumping data for table `ptjs`
--

LOCK TABLES `ptjs` WRITE;
/*!40000 ALTER TABLE `ptjs` DISABLE KEYS */;
INSERT INTO `ptjs` VALUES (1,'PEJABAT KESIHATAN PERGIGIAN DAERAH YAN',30258,'08800 Guar Chempedak Kedah','DR QUAH BENG BEE',1,'JKN/KED(S)336(11)','2025-03-24 09:42:34','2026-03-09 16:14:40'),(2,'PEJABAT KESIHATAN PERGIGIAN DAERAH KUALA MUDA/SIK',42030254,'PKPD KUALA MUDA/SIK','DR. NORIHAN BINTI ZAKARIA',1,'JKN/KED(S)336(10)','2025-05-17 17:43:22','2026-03-10 09:56:50'),(3,'PEJABAT KESIHATAN DAERAH KOTA SETAR',30901,'Blok A, Aras 1, Hospital Alor Setar, Lebuhraya Darul Aman, 05100 Alor Setar, Kedah','DR. MOHD ZUKRI BIN IBRAHIM',0,'JKN/KED(S)336(38)','2025-03-24 09:07:02','2026-04-01 09:14:40'),(4,'PEJABAT KESIHATAN DAERAH KUALA MUDA',31001,'No. 48 – 52, Jalan Banyan 1, Bukit Banyan, 08000 SUNGAI PETANI, KEDAH DARUL AMAN','DR. SUZIANA BINTI REDZUAN',0,'JKN/KED(S)336(34)','2025-03-24 09:07:53','2026-03-14 11:23:22'),(5,'PEJABAT KESIHATAN DAERAH KUBANG PASU',31101,'Kubang Pasu, 06000 Jitra, Kedah','DR. MOHD HISHAM BIN AHMAD KUSAIRI',0,'JKN/KED(S)336(24)','2025-03-24 09:18:27','2026-04-01 09:14:53'),(6,'PEJABAT KESIHATAN DAERAH PADANG TERAP',31201,'Padang Terap 06300 Kuala Nerang, Kedah','DR. ROSIDAH BINTI OMAR',0,'JKN/KED(S)336(22)','2025-03-24 09:20:57','2026-04-01 09:15:19'),(7,'PEJABAT KESIHATAN PERGIGIAN DAERAH KOTA SETAR/PENDANG',30251,'Blok Mawar Merah,\r\nLebuhraya Sultanah Bahiyah,\r\n05350 Alor Setar, Kedah','DR. SYIRAHANIZA BINTI MOHD SALLEH',1,'JKN/KED(S)336(14)','2025-03-24 09:28:09','2026-03-09 16:16:17'),(8,'PEJABAT KESIHATAN PERGIGIAN DAERAH BALING',30255,'Jalan Weng 09100 Baling Kedah','DR. IZANA BINTI ISHAK',1,'JKN/KED(S)336(9)','2025-03-24 09:28:50','2026-03-09 16:14:29'),(9,'PEJABAT KESIHATAN PERGIGIAN DAERAH KUBANG PASU',30252,'Jalan Ibrahim 06000 Jitra, Kedah','DR. HILMUN HANIM BINTI BAHARUDDIN',1,'JKN/KED(S)336(13)','2025-03-24 09:30:19','2026-03-10 09:57:44'),(10,'PEJABAT KESIHATAN PERGIGIAN DAERAH KULIM/BANDAR BAHARU',30253,'Jalan Hospital Lama\r\n09000 Kulim, Kedah','DR. LIYANA BINTI MOHD AZHAR',1,'JKN/KED(S)336(8)','2025-03-24 09:31:57','2026-03-09 16:15:44'),(11,'PEJABAT KESIHATAN PERGIGIAN DAERAH LANGKAWI',30256,'No. 20 Aras Bawah Jalan Bunga Raya 1, 07000 Kuah, Langkawi,Kedah','DR. MOHD KHAIRULANWAR BIN SABRI',0,'JKN/KED(S)336(7)','2025-03-24 09:33:38','2026-03-09 14:42:13'),(12,'PEJABAT KESIHATAN PERGIGIAN DAERAH PADANG TERAP',30257,'JALAN PEGAWAI, 06300 KUALA NERANG KEDAH','DR. NURHAYATI BINTI ABDULLAH',1,'JKN/KED(S)336(12)','2025-03-24 09:41:32','2026-03-09 16:15:26'),(13,'JABATAN KESIHATAN NEGERI KEDAH',29901,'Simpang Kuala,\r\nJalan Kuala Kedah,\r\n05400 Alor Setar,\r\nKedah Darul Aman','DR. NOR\' AISHAH BINTI ABU BAKAR',1,'JKN/KED(S)336(43)','2025-03-23 15:33:05','2026-04-01 09:13:10'),(14,'JABATAN KESIHATAN NEGERI KEDAH (VEKTOR)',49901,'Simpang Kuala,\r\nJalan Kuala Kedah,\r\n05400 Alor Setar,\r\nKedah Darul Aman','DR.ISMUNI BIN BOHARI',1,NULL,'2025-03-23 15:34:55','2025-12-10 22:32:54'),(15,'PEJABAT KESIHATAN PINTU MASUK ANTARABANGSA BUKIT KAYU HITAM',32901,'Bukit Kayu Hitam PMA Health Office, Level 2 Block C Bukit Kayu Hitam ICQS Complex','DR MOHD ZAINAL AMEER BIN OZEMAN @ AZEMAN',0,'JKN/KED(S)336(18 )','2025-03-23 15:42:06','2026-03-11 08:31:00'),(16,'PEJABAT KESIHATAN DAERAH BALING',31501,'Jln Weng\r\n09100 Baling\r\nKedah','DR. NURUL AFZAN BINTI AMINUDDIN',0,'JKN/KED(S)336(21)','2025-03-23 16:08:54','2026-03-10 09:01:55'),(17,'PEJABAT KESIHATAN DAERAH KULIM',31401,'KOMPLEKS KESIHATAN DAERAH KULIM\r\nJALAN HOSPITAL\r\n09000 KULIM\r\nKEDAH DARUL AMAN','DR. LIYANATUL NAJWA BINTI ZAKARIA',0,'JKN/KED(S)336(20)','2025-03-23 16:10:04','2026-03-10 09:01:31'),(18,'PEJABAT KESIHATAN DAERAH LANGKAWI',31301,'Tingkat 6 Kompleks LADA Langkawi, 07000 Kuah, Kedah','DR. MANSOR BIN ISMAIL',0,'JKN/KED(S)336(25)','2025-03-23 16:11:16','2026-03-10 09:10:33'),(19,'PEJABAT KESIHATAN DAERAH PENDANG',32101,'Jln Sg. Tiang, Pendang 06700 Pendang, Kedah','DR INTAN MELATI BINTI ABU BAKAR',0,'JKN/KED(S)336(26)','2025-03-23 16:12:37','2026-04-01 09:15:07'),(20,'PEJABAT KESIHATAN DAERAH SIK',32401,'PEJABAT KESIHATAN DAERAH SIK\r\nKUARTERS PENGARAH HOSPITAL SIK\r\nJALAN HOSPITAL\r\n08200 SIK\r\nKEDAH DARUL AMAN','DR. SHARUL RIZAN BIN ILIAS',0,'JKN/KED(S)336(23)','2025-03-24 08:58:45','2026-03-11 08:43:35'),(21,'PEJABAT KESIHATAN DAERAH YAN',32201,'Guar Chempedak, 08800, Yan, Kedah','DR. NOOR ATIKA BINTI AZIT',0,'JKN/KED(S)336(33)','2025-03-24 09:05:10','2026-03-14 11:23:11'),(22,'PEJABAT KESIHATAN DAERAH BANDAR BAHARU',32301,'09800 Serdang, Kedah','DR. RAKESH SINGH SANDHU A/L SHANKAR SINGH',0,'JKN/KED(S)336(19)','2025-03-24 09:06:11','2026-03-11 14:32:29'),(23,'HOSPITAL BALING',30601,'Jalan Hospital, Baling, 09100 Baling, Kedah\n\n','DR. SELVANAAYAGAM SHANMUGANATHAN',0,'JKN/KED(S)336(37)','2025-03-22 10:31:05','2026-04-20 23:41:22'),(24,'HOSPITAL JITRA',32001,'Hospital Jitra\r\nJalan Changlun, \r\n06000 Jitra,\r\nKedah Darul Aman','DR SITI NORHANI MAZRAH BINTI KHALID',0,'JKN/KED(S)336(31)','2025-03-22 10:41:19','2026-04-02 12:19:54'),(25,'HOSPITAL KUALA NERANG',32501,'Hospital Kuala Nerang\r\n06300 Kuala Nerang\r\nKedah Darul Aman','DR. NIK HIDAYATUL IZNI BINTI MOHD HATTA',0,'JKN/KED(S)336(36)','2025-03-22 14:38:16','2026-04-01 09:14:25'),(26,'HOSPITAL KULIM',30501,'Hospital Kulim,\r\nLebuh Hi-Tech,\r\n09090 Kulim,\r\nKedah Darul Aman\r\nTel : 04-4272733','Dr. Mohd Ruhaifi Bin Ali',0,'JKN/KED(S)336(30)','2025-03-22 14:39:32','2026-03-14 08:01:44'),(27,'HOSPITAL PENDANG',30163,'Hospital Pendang\r\nMukim Air Puteh\r\n06700 Pendang\r\nKedah Darul aman','Dr. Akmal Naziah binti Dato’ Haji Ahmad',0,'JKN/KED(S)336(27)','2025-03-22 14:41:08','2026-04-02 12:11:06'),(28,'HOSPITAL SIK',30801,'HOSPITAL SIK\r\nJALAN HOSPITAL, \r\n08200 SIK,\r\nKEDAH DARUL AMAN','Dr.  Paramesvaren a/l Karunagaran',0,'JKN/KED(S)336(32)','2025-03-22 14:43:02','2026-04-02 12:16:57'),(29,'HOSPITAL SULTAN ABDUL HALIM',30401,'Hospital Sultan Abdul Halim\r\nJalan Lencongan Timur, \r\nBandar Amanjaya,\r\n08000 Sungai Petani,\r\nKedah Darul Aman.','DR. MITHALI BINTI ABDULLAH@JACQULINE SAPEN',1,'JKN/KED(S)336(28)','2025-03-22 14:49:22','2026-03-14 10:38:23'),(30,'HOSPITAL SULTANAH BAHIYAH',30101,'Km 6, Jln Langgar, Bandar, 05460 Alor Setar, Kedah','DR. FAUZIAH BINTI ABDUL WAHAB',0,'JKN/KED(S)336(46)','2025-03-22 14:51:22','2026-04-01 09:13:49'),(31,'HOSPITAL SULTANAH MALIHA',30701,'Hospital Sultanah Maliha,\r\nBukit Tekuh,\r\nJalan Padang Matsirat,\r\n07000 Langkawi,\r\nKedah Darul Aman','DR. ANIZA BINTI AHMAT',0,'JKN/KED(S)336(29)','2025-03-22 15:34:22','2026-04-02 12:13:28'),(32,'HOSPITAL YAN',31901,'06900 Yan, \r\nKedah Darul Aman','DR. TENGKU NURSHAHRIL BIN TENGKU KECHIL',0,'JKN/KED(S)336(35)','2025-03-22 15:41:43','2026-04-02 12:18:07'),(33,'TEST',123456,'test','MAISARAH',1,'jkn099','2026-04-19 19:24:05','2026-04-19 19:24:05');
/*!40000 ALTER TABLE `ptjs` ENABLE KEYS */;
UNLOCK TABLES;

--
-- Table structure for table `sessions`
--

DROP TABLE IF EXISTS `sessions`;
/*!40101 SET @saved_cs_client     = @@character_set_client */;
/*!50503 SET character_set_client = utf8mb4 */;
CREATE TABLE `sessions` (
  `id` varchar(255) CHARACTER SET utf8mb4 COLLATE utf8mb4_unicode_ci NOT NULL,
  `user_id` bigint unsigned DEFAULT NULL,
  `ip_address` varchar(45) CHARACTER SET utf8mb4 COLLATE utf8mb4_unicode_ci DEFAULT NULL,
  `user_agent` text CHARACTER SET utf8mb4 COLLATE utf8mb4_unicode_ci,
  `payload` longtext CHARACTER SET utf8mb4 COLLATE utf8mb4_unicode_ci NOT NULL,
  `last_activity` int NOT NULL,
  PRIMARY KEY (`id`),
  KEY `sessions_user_id_index` (`user_id`),
  KEY `sessions_last_activity_index` (`last_activity`)
) ENGINE=InnoDB DEFAULT CHARSET=utf8mb4 COLLATE=utf8mb4_unicode_ci;
/*!40101 SET character_set_client = @saved_cs_client */;

--
-- Dumping data for table `sessions`
--

LOCK TABLES `sessions` WRITE;
/*!40000 ALTER TABLE `sessions` DISABLE KEYS */;
INSERT INTO `sessions` VALUES ('ZUMPKuzYJkHTrBKzjzI9n3B2ZBmI53JRB7Vijkdy',2,'127.0.0.1','Mozilla/5.0 (Windows NT 10.0; Win64; x64) AppleWebKit/537.36 (KHTML, like Gecko) Chrome/147.0.0.0 Safari/537.36','eyJfdG9rZW4iOiJ0WHZ2N0tuNWFoakRvQ2llRVZIN3RlRkJZMVBIYUZ4cTdLNk1zcG84IiwidXJsIjpbXSwiX3ByZXZpb3VzIjp7InVybCI6Imh0dHBzOlwvXC9zaXN0ZW0tZGF0YS1wZXJqYXdhdGFuLnRlc3RcL2FwcFwvcHJvZ3JhbXMiLCJyb3V0ZSI6ImZpbGFtZW50LmFwcC5yZXNvdXJjZXMucHJvZ3JhbXMuaW5kZXgifSwiX2ZsYXNoIjp7Im9sZCI6W10sIm5ldyI6W119LCJsb2dpbl93ZWJfNTliYTM2YWRkYzJiMmY5NDAxNTgwZjAxNGM3ZjU4ZWE0ZTMwOTg5ZCI6MiwicGFzc3dvcmRfaGFzaF93ZWIiOiIxNjBhNTFhMWJhMjYzNDg4MTRkYmE5Yjc4ZmY0OTg2ODRjZDc3YTEwZDFhZGZhMmM5MDdkODc5OGU1N2RkMDY1IiwidGFibGVzIjp7ImM1NzFhOThhNDU1ZjNiZTMwMTI1YzI0YjI1MDEzM2QwX2NvbHVtbnMiOltdLCJkOTdjNDg5NjViYTI1Y2ZhNmM0ZWNhMDMzNmFiODhhN19jb2x1bW5zIjpbeyJ0eXBlIjoiY29sdW1uIiwibmFtZSI6Im5vIiwibGFiZWwiOiJCaWwiLCJpc0hpZGRlbiI6ZmFsc2UsImlzVG9nZ2xlZCI6dHJ1ZSwiaXNUb2dnbGVhYmxlIjpmYWxzZSwiaXNUb2dnbGVkSGlkZGVuQnlEZWZhdWx0IjpudWxsfSx7InR5cGUiOiJjb2x1bW4iLCJuYW1lIjoiYnV0aXJhbiIsImxhYmVsIjoiQnV0aXJhbiIsImlzSGlkZGVuIjpmYWxzZSwiaXNUb2dnbGVkIjp0cnVlLCJpc1RvZ2dsZWFibGUiOmZhbHNlLCJpc1RvZ2dsZWRIaWRkZW5CeURlZmF1bHQiOm51bGx9XSwiOTQ3ODU5YTUzNDNlYjc2ZDBmNTM3MzU4OWM1YWY5ODNfY29sdW1ucyI6W3sidHlwZSI6ImNvbHVtbiIsIm5hbWUiOiJwcm9ncmFtLm5hbWFfcHJvZ3JhbSIsImxhYmVsIjoiUHJvZ3JhbSIsImlzSGlkZGVuIjpmYWxzZSwiaXNUb2dnbGVkIjp0cnVlLCJpc1RvZ2dsZWFibGUiOmZhbHNlLCJpc1RvZ2dsZWRIaWRkZW5CeURlZmF1bHQiOm51bGx9LHsidHlwZSI6ImNvbHVtbiIsIm5hbWUiOiJub19ha3Rpdml0IiwibGFiZWwiOiJOby4gQWt0aXZpdGkiLCJpc0hpZGRlbiI6ZmFsc2UsImlzVG9nZ2xlZCI6dHJ1ZSwiaXNUb2dnbGVhYmxlIjpmYWxzZSwiaXNUb2dnbGVkSGlkZGVuQnlEZWZhdWx0IjpudWxsfSx7InR5cGUiOiJjb2x1bW4iLCJuYW1lIjoibmFtYV9ha3Rpdml0aSIsImxhYmVsIjoiTmFtYSBBa3Rpdml0aSIsImlzSGlkZGVuIjpmYWxzZSwiaXNUb2dnbGVkIjp0cnVlLCJpc1RvZ2dsZWFibGUiOmZhbHNlLCJpc1RvZ2dsZWRIaWRkZW5CeURlZmF1bHQiOm51bGx9XSwiY2UzYTZjNThjODFiM2Y1YTM0NTgyYzgxZjI4NjYyMGFfY29sdW1ucyI6W3sidHlwZSI6ImNvbHVtbiIsIm5hbWUiOiJubyIsImxhYmVsIjoiQmlsIiwiaXNIaWRkZW4iOmZhbHNlLCJpc1RvZ2dsZWQiOnRydWUsImlzVG9nZ2xlYWJsZSI6ZmFsc2UsImlzVG9nZ2xlZEhpZGRlbkJ5RGVmYXVsdCI6bnVsbH0seyJ0eXBlIjoiY29sdW1uIiwibmFtZSI6Im9wc3llbiIsImxhYmVsIjoiT3BzeWVuIFBlbmNlbiIsImlzSGlkZGVuIjpmYWxzZSwiaXNUb2dnbGVkIjp0cnVlLCJpc1RvZ2dsZWFibGUiOmZhbHNlLCJpc1RvZ2dsZWRIaWRkZW5CeURlZmF1bHQiOm51bGx9XSwiMTdkZjY4ZWY5NzYxZTcyZDZmZTU0YmYzNzUxZWU3ZjdfY29sdW1ucyI6W3sidHlwZSI6ImNvbHVtbiIsIm5hbWUiOiJubyIsImxhYmVsIjoiQmlsIiwiaXNIaWRkZW4iOmZhbHNlLCJpc1RvZ2dsZWQiOnRydWUsImlzVG9nZ2xlYWJsZSI6ZmFsc2UsImlzVG9nZ2xlZEhpZGRlbkJ5RGVmYXVsdCI6bnVsbH0seyJ0eXBlIjoiY29sdW1uIiwibmFtZSI6Im5hbWFfcGFybGltZW4iLCJsYWJlbCI6IlBhcmxpbWVuIiwiaXNIaWRkZW4iOmZhbHNlLCJpc1RvZ2dsZWQiOnRydWUsImlzVG9nZ2xlYWJsZSI6ZmFsc2UsImlzVG9nZ2xlZEhpZGRlbkJ5RGVmYXVsdCI6bnVsbH0seyJ0eXBlIjoiY29sdW1uIiwibmFtZSI6ImR1bnMubmFtYV9kdW4iLCJsYWJlbCI6IkR1biIsImlzSGlkZGVuIjpmYWxzZSwiaXNUb2dnbGVkIjp0cnVlLCJpc1RvZ2dsZWFibGUiOmZhbHNlLCJpc1RvZ2dsZWRIaWRkZW5CeURlZmF1bHQiOm51bGx9XSwiNjkxZWJlNWE1MmEwNjUwZmNjN2M0OTVjYTNkMWUyZjlfY29sdW1ucyI6W3sidHlwZSI6ImNvbHVtbiIsIm5hbWUiOiJubyIsImxhYmVsIjoiQmlsIiwiaXNIaWRkZW4iOmZhbHNlLCJpc1RvZ2dsZWQiOnRydWUsImlzVG9nZ2xlYWJsZSI6ZmFsc2UsImlzVG9nZ2xlZEhpZGRlbkJ5RGVmYXVsdCI6bnVsbH0seyJ0eXBlIjoiY29sdW1uIiwibmFtZSI6Im5hbWEiLCJsYWJlbCI6IlBlZ2F3YWkiLCJpc0hpZGRlbiI6ZmFsc2UsImlzVG9nZ2xlZCI6dHJ1ZSwiaXNUb2dnbGVhYmxlIjpmYWxzZSwiaXNUb2dnbGVkSGlkZGVuQnlEZWZhdWx0IjpudWxsfSx7InR5cGUiOiJjb2x1bW4iLCJuYW1lIjoicHRqIiwibGFiZWwiOiJQZW5lbXBhdGFuIiwiaXNIaWRkZW4iOmZhbHNlLCJpc1RvZ2dsZWQiOnRydWUsImlzVG9nZ2xlYWJsZSI6ZmFsc2UsImlzVG9nZ2xlZEhpZGRlbkJ5RGVmYXVsdCI6bnVsbH0seyJ0eXBlIjoiY29sdW1uIiwibmFtZSI6ImlzX2tvbnRyYWsiLCJsYWJlbCI6IlN0YXR1cyIsImlzSGlkZGVuIjpmYWxzZSwiaXNUb2dnbGVkIjp0cnVlLCJpc1RvZ2dsZWFibGUiOmZhbHNlLCJpc1RvZ2dsZWRIaWRkZW5CeURlZmF1bHQiOm51bGx9XSwiOGJiNzgyNzA3OWFkNmMzNThkNjVjYTc5ZGViOWQ5MjNfY29sdW1ucyI6W3sidHlwZSI6ImNvbHVtbiIsIm5hbWUiOiJubyIsImxhYmVsIjoiQmlsIiwiaXNIaWRkZW4iOmZhbHNlLCJpc1RvZ2dsZWQiOnRydWUsImlzVG9nZ2xlYWJsZSI6ZmFsc2UsImlzVG9nZ2xlZEhpZGRlbkJ5RGVmYXVsdCI6bnVsbH0seyJ0eXBlIjoiY29sdW1uIiwibmFtZSI6ImRlc2NfcHJvZ3JhbSIsImxhYmVsIjoiRGVzYyBwcm9ncmFtIiwiaXNIaWRkZW4iOmZhbHNlLCJpc1RvZ2dsZWQiOnRydWUsImlzVG9nZ2xlYWJsZSI6ZmFsc2UsImlzVG9nZ2xlZEhpZGRlbkJ5RGVmYXVsdCI6bnVsbH0seyJ0eXBlIjoiY29sdW1uIiwibmFtZSI6ImFrdGl2aXRpIiwibGFiZWwiOiJBa3Rpdml0aSIsImlzSGlkZGVuIjpmYWxzZSwiaXNUb2dnbGVkIjp0cnVlLCJpc1RvZ2dsZWFibGUiOmZhbHNlLCJpc1RvZ2dsZWRIaWRkZW5CeURlZmF1bHQiOm51bGx9XSwiZGQ0NTU3ZDMwYTg3ZDEyYzVlNjViMTEzODRiM2VmNjJfY29sdW1ucyI6W3sidHlwZSI6ImNvbHVtbiIsIm5hbWUiOiJubyIsImxhYmVsIjoiQmlsIiwiaXNIaWRkZW4iOmZhbHNlLCJpc1RvZ2dsZWQiOnRydWUsImlzVG9nZ2xlYWJsZSI6ZmFsc2UsImlzVG9nZ2xlZEhpZGRlbkJ5RGVmYXVsdCI6bnVsbH0seyJ0eXBlIjoiY29sdW1uIiwibmFtZSI6InVuaXQubmFtYV91bml0IiwibGFiZWwiOiJVbml0IiwiaXNIaWRkZW4iOmZhbHNlLCJpc1RvZ2dsZWQiOnRydWUsImlzVG9nZ2xlYWJsZSI6ZmFsc2UsImlzVG9nZ2xlZEhpZGRlbkJ5RGVmYXVsdCI6bnVsbH0seyJ0eXBlIjoiY29sdW1uIiwibmFtZSI6Im5hbWFfc3VidW5pdCIsImxhYmVsIjoiU3ViIFVuaXQiLCJpc0hpZGRlbiI6ZmFsc2UsImlzVG9nZ2xlZCI6dHJ1ZSwiaXNUb2dnbGVhYmxlIjpmYWxzZSwiaXNUb2dnbGVkSGlkZGVuQnlEZWZhdWx0IjpudWxsfSx7InR5cGUiOiJjb2x1bW4iLCJuYW1lIjoiZHVuLm5hbWFfZHVuIiwibGFiZWwiOiJEdW4iLCJpc0hpZGRlbiI6ZmFsc2UsImlzVG9nZ2xlZCI6dHJ1ZSwiaXNUb2dnbGVhYmxlIjpmYWxzZSwiaXNUb2dnbGVkSGlkZGVuQnlEZWZhdWx0IjpudWxsfV0sIjk5MGNhYmM3N2M0Mzk1ZDg5YjAyODg3YTFiMTdmODg1X2NvbHVtbnMiOlt7InR5cGUiOiJjb2x1bW4iLCJuYW1lIjoibm8iLCJsYWJlbCI6IkJpbCIsImlzSGlkZGVuIjpmYWxzZSwiaXNUb2dnbGVkIjp0cnVlLCJpc1RvZ2dsZWFibGUiOmZhbHNlLCJpc1RvZ2dsZWRIaWRkZW5CeURlZmF1bHQiOm51bGx9LHsidHlwZSI6ImNvbHVtbiIsIm5hbWUiOiJub193YXJhbiIsImxhYmVsIjoiTWFrbHVtYXQgV2FyYW4iLCJpc0hpZGRlbiI6ZmFsc2UsImlzVG9nZ2xlZCI6dHJ1ZSwiaXNUb2dnbGVhYmxlIjpmYWxzZSwiaXNUb2dnbGVkSGlkZGVuQnlEZWZhdWx0IjpudWxsfSx7InR5cGUiOiJjb2x1bW4iLCJuYW1lIjoiYnV0aXJhbl9saXN0IiwibGFiZWwiOiJCdXRpcmFuIiwiaXNIaWRkZW4iOmZhbHNlLCJpc1RvZ2dsZWQiOnRydWUsImlzVG9nZ2xlYWJsZSI6ZmFsc2UsImlzVG9nZ2xlZEhpZGRlbkJ5RGVmYXVsdCI6bnVsbH0seyJ0eXBlIjoiY29sdW1uIiwibmFtZSI6ImFrdGl2aXRpX2xpc3QiLCJsYWJlbCI6IkFrdGl2aXRpIiwiaXNIaWRkZW4iOmZhbHNlLCJpc1RvZ2dsZWQiOnRydWUsImlzVG9nZ2xlYWJsZSI6ZmFsc2UsImlzVG9nZ2xlZEhpZGRlbkJ5RGVmYXVsdCI6bnVsbH0seyJ0eXBlIjoiY29sdW1uIiwibmFtZSI6InBlbmVtcGF0YW5fbGlzdCIsImxhYmVsIjoiUGVuZW1wYXRhbiIsImlzSGlkZGVuIjpmYWxzZSwiaXNUb2dnbGVkIjp0cnVlLCJpc1RvZ2dsZWFibGUiOmZhbHNlLCJpc1RvZ2dsZWRIaWRkZW5CeURlZmF1bHQiOm51bGx9XSwiYWEyODk1ZWJmOWFlY2QwZjI3MjBiMmRhOGIwZjAyZDFfY29sdW1ucyI6W3sidHlwZSI6ImNvbHVtbiIsIm5hbWUiOiJubyIsImxhYmVsIjoiQmlsIiwiaXNIaWRkZW4iOmZhbHNlLCJpc1RvZ2dsZWQiOnRydWUsImlzVG9nZ2xlYWJsZSI6ZmFsc2UsImlzVG9nZ2xlZEhpZGRlbkJ5RGVmYXVsdCI6bnVsbH0seyJ0eXBlIjoiY29sdW1uIiwibmFtZSI6ImtvZF9ncmVkIiwibGFiZWwiOiJLb2QiLCJpc0hpZGRlbiI6ZmFsc2UsImlzVG9nZ2xlZCI6dHJ1ZSwiaXNUb2dnbGVhYmxlIjpmYWxzZSwiaXNUb2dnbGVkSGlkZGVuQnlEZWZhdWx0IjpudWxsfSx7InR5cGUiOiJjb2x1bW4iLCJuYW1lIjoiZGVzY19ncmVkIiwibGFiZWwiOiJHcmVkIiwiaXNIaWRkZW4iOmZhbHNlLCJpc1RvZ2dsZWQiOnRydWUsImlzVG9nZ2xlYWJsZSI6ZmFsc2UsImlzVG9nZ2xlZEhpZGRlbkJ5RGVmYXVsdCI6bnVsbH1dLCI3ZGY3OTQ4NWY1OTQzZTVlZjQxMDMwNzNhMzU3YzdjYV9jb2x1bW5zIjpbeyJ0eXBlIjoiY29sdW1uIiwibmFtZSI6Im5vIiwibGFiZWwiOiJCaWwiLCJpc0hpZGRlbiI6ZmFsc2UsImlzVG9nZ2xlZCI6dHJ1ZSwiaXNUb2dnbGVhYmxlIjpmYWxzZSwiaXNUb2dnbGVkSGlkZGVuQnlEZWZhdWx0IjpudWxsfSx7InR5cGUiOiJjb2x1bW4iLCJuYW1lIjoiZGVzY19qYXdhdGFuIiwibGFiZWwiOiJKYXdhdGFuIiwiaXNIaWRkZW4iOmZhbHNlLCJpc1RvZ2dsZWQiOnRydWUsImlzVG9nZ2xlYWJsZSI6ZmFsc2UsImlzVG9nZ2xlZEhpZGRlbkJ5RGVmYXVsdCI6bnVsbH0seyJ0eXBlIjoiY29sdW1uIiwibmFtZSI6ImtvZF9qYXdhdGFuIiwibGFiZWwiOiJLb2QgSmF3YXRhbiIsImlzSGlkZGVuIjpmYWxzZSwiaXNUb2dnbGVkIjp0cnVlLCJpc1RvZ2dsZWFibGUiOmZhbHNlLCJpc1RvZ2dsZWRIaWRkZW5CeURlZmF1bHQiOm51bGx9LHsidHlwZSI6ImNvbHVtbiIsIm5hbWUiOiJncmVkcy5rb2RfZ3JlZCIsImxhYmVsIjoiR3JlZCIsImlzSGlkZGVuIjpmYWxzZSwiaXNUb2dnbGVkIjp0cnVlLCJpc1RvZ2dsZWFibGUiOmZhbHNlLCJpc1RvZ2dsZWRIaWRkZW5CeURlZmF1bHQiOm51bGx9XX0sImZpbGFtZW50IjpbXX0=',1778054237);
/*!40000 ALTER TABLE `sessions` ENABLE KEYS */;
UNLOCK TABLES;

--
-- Table structure for table `subunits`
--

DROP TABLE IF EXISTS `subunits`;
/*!40101 SET @saved_cs_client     = @@character_set_client */;
/*!50503 SET character_set_client = utf8mb4 */;
CREATE TABLE `subunits` (
  `id` bigint unsigned NOT NULL AUTO_INCREMENT,
  `unit_id` int NOT NULL,
  `dun_id` int NOT NULL,
  `nama_subunit` varchar(255) CHARACTER SET utf8mb4 COLLATE utf8mb4_unicode_ci DEFAULT NULL,
  `created_at` timestamp NULL DEFAULT NULL,
  `updated_at` timestamp NULL DEFAULT NULL,
  PRIMARY KEY (`id`)
) ENGINE=InnoDB AUTO_INCREMENT=4 DEFAULT CHARSET=utf8mb4 COLLATE=utf8mb4_unicode_ci;
/*!40101 SET character_set_client = @saved_cs_client */;

--
-- Dumping data for table `subunits`
--

LOCK TABLES `subunits` WRITE;
/*!40000 ALTER TABLE `subunits` DISABLE KEYS */;
INSERT INTO `subunits` VALUES (1,4,2,'PENGURUSAN STRATEGIK ICT','2026-04-21 22:32:55','2026-04-21 22:32:55'),(2,4,2,'RANGKAIAN & KESELAMATAN ICT','2026-04-21 22:40:41','2026-04-21 22:40:41');
/*!40000 ALTER TABLE `subunits` ENABLE KEYS */;
UNLOCK TABLES;

--
-- Table structure for table `units`
--

DROP TABLE IF EXISTS `units`;
/*!40101 SET @saved_cs_client     = @@character_set_client */;
/*!50503 SET character_set_client = utf8mb4 */;
CREATE TABLE `units` (
  `id` bigint unsigned NOT NULL AUTO_INCREMENT,
  `bahagian_id` int NOT NULL,
  `nama_unit` varchar(255) CHARACTER SET utf8mb4 COLLATE utf8mb4_unicode_ci NOT NULL,
  `created_at` timestamp NULL DEFAULT NULL,
  `updated_at` timestamp NULL DEFAULT NULL,
  PRIMARY KEY (`id`)
) ENGINE=InnoDB AUTO_INCREMENT=6 DEFAULT CHARSET=utf8mb4 COLLATE=utf8mb4_unicode_ci;
/*!40101 SET character_set_client = @saved_cs_client */;

--
-- Dumping data for table `units`
--

LOCK TABLES `units` WRITE;
/*!40000 ALTER TABLE `units` DISABLE KEYS */;
INSERT INTO `units` VALUES (2,2,'UNIT SUMBER MANUSIA','2026-04-21 18:55:13','2026-04-21 18:55:13'),(4,2,'UNIT PENGURUSAN MAKLUMAT','2026-04-21 20:42:49','2026-04-21 20:42:49'),(5,4,'UNIT PRIMER','2026-04-28 23:26:37','2026-04-28 23:26:37');
/*!40000 ALTER TABLE `units` ENABLE KEYS */;
UNLOCK TABLES;

--
-- Table structure for table `users`
--

DROP TABLE IF EXISTS `users`;
/*!40101 SET @saved_cs_client     = @@character_set_client */;
/*!50503 SET character_set_client = utf8mb4 */;
CREATE TABLE `users` (
  `id` bigint unsigned NOT NULL AUTO_INCREMENT,
  `name` varchar(255) CHARACTER SET utf8mb4 COLLATE utf8mb4_unicode_ci NOT NULL,
  `ptj_id` int NOT NULL,
  `email` varchar(255) CHARACTER SET utf8mb4 COLLATE utf8mb4_unicode_ci NOT NULL,
  `email_verified_at` timestamp NULL DEFAULT NULL,
  `password` varchar(255) CHARACTER SET utf8mb4 COLLATE utf8mb4_unicode_ci NOT NULL,
  `remember_token` varchar(100) CHARACTER SET utf8mb4 COLLATE utf8mb4_unicode_ci DEFAULT NULL,
  `created_at` timestamp NULL DEFAULT NULL,
  `updated_at` timestamp NULL DEFAULT NULL,
  `nokp` varchar(255) CHARACTER SET utf8mb4 COLLATE utf8mb4_unicode_ci NOT NULL,
  `phone_number` varchar(255) CHARACTER SET utf8mb4 COLLATE utf8mb4_unicode_ci NOT NULL,
  `status` tinyint(1) NOT NULL DEFAULT '1',
  `role` int NOT NULL,
  PRIMARY KEY (`id`),
  UNIQUE KEY `users_email_unique` (`email`)
) ENGINE=InnoDB AUTO_INCREMENT=5 DEFAULT CHARSET=utf8mb4 COLLATE=utf8mb4_unicode_ci;
/*!40101 SET character_set_client = @saved_cs_client */;

--
-- Dumping data for table `users`
--

LOCK TABLES `users` WRITE;
/*!40000 ALTER TABLE `users` DISABLE KEYS */;
INSERT INTO `users` VALUES (1,'ADMIN2',13,'admin@gmail.com',NULL,'$2y$12$B/37sp4IKSTao5WVJw67yu3Jm3GLFsR1XGWeTXblLLa5cdF1IcB9i',NULL,'2026-04-19 17:43:21','2026-04-19 23:25:10','010101020365','0125511072',1,2),(2,'Superadmin',13,'superadmin@gmail.com',NULL,'$2y$12$LWVuFL2d5QR8.m1d1iXWOenw4cuujfG9gsrXXWreHk5g6DlxKcGjS',NULL,'2026-04-19 20:15:20','2026-04-19 20:15:20','020822090278','01161404157',1,1),(3,'User',4,'user@gmail.com',NULL,'$2y$12$GqM8IUyoXIosoxbp9QthputdevrDBoJvM0R1vMAtb8SBqlL/ccyrO',NULL,'2026-04-19 20:15:20','2026-04-19 20:15:20','020822090279','01161404159',1,3),(4,'NURMAISARAH BINTI SUZAIMEE',25,'nmaisarah2208@gmail.com',NULL,'$2y$12$Zdhk4F.IyRZq6fNQL9ZQNOHFI.ROySRd9lssazxMGwXwB7tiu4aG.',NULL,'2026-04-19 23:13:28','2026-04-19 23:13:28','020822090270','01161404157',1,3);
/*!40000 ALTER TABLE `users` ENABLE KEYS */;
UNLOCK TABLES;

--
-- Table structure for table `waran__programs`
--

DROP TABLE IF EXISTS `waran__programs`;
/*!40101 SET @saved_cs_client     = @@character_set_client */;
/*!50503 SET character_set_client = utf8mb4 */;
CREATE TABLE `waran__programs` (
  `id` bigint unsigned NOT NULL AUTO_INCREMENT,
  `waran_id` int NOT NULL,
  `aktiviti_id` int NOT NULL,
  `bahagian_id` int NOT NULL,
  `created_at` timestamp NULL DEFAULT NULL,
  `updated_at` timestamp NULL DEFAULT NULL,
  PRIMARY KEY (`id`)
) ENGINE=InnoDB DEFAULT CHARSET=utf8mb4 COLLATE=utf8mb4_unicode_ci;
/*!40101 SET character_set_client = @saved_cs_client */;

--
-- Dumping data for table `waran__programs`
--

LOCK TABLES `waran__programs` WRITE;
/*!40000 ALTER TABLE `waran__programs` DISABLE KEYS */;
/*!40000 ALTER TABLE `waran__programs` ENABLE KEYS */;
UNLOCK TABLES;

--
-- Table structure for table `waran_jawatans`
--

DROP TABLE IF EXISTS `waran_jawatans`;
/*!40101 SET @saved_cs_client     = @@character_set_client */;
/*!50503 SET character_set_client = utf8mb4 */;
CREATE TABLE `waran_jawatans` (
  `id` bigint unsigned NOT NULL AUTO_INCREMENT,
  `waran_id` int NOT NULL,
  `ptj_id` int DEFAULT NULL,
  `aktiviti_id` int DEFAULT NULL,
  `pegawai_id` int DEFAULT NULL,
  `jawatan_gred_id` int DEFAULT NULL,
  `butiran` varchar(255) CHARACTER SET utf8mb4 COLLATE utf8mb4_unicode_ci DEFAULT NULL,
  `created_at` timestamp NULL DEFAULT NULL,
  `updated_at` timestamp NULL DEFAULT NULL,
  PRIMARY KEY (`id`)
) ENGINE=InnoDB AUTO_INCREMENT=26 DEFAULT CHARSET=utf8mb4 COLLATE=utf8mb4_unicode_ci;
/*!40101 SET character_set_client = @saved_cs_client */;

--
-- Dumping data for table `waran_jawatans`
--

LOCK TABLES `waran_jawatans` WRITE;
/*!40000 ALTER TABLE `waran_jawatans` DISABLE KEYS */;
INSERT INTO `waran_jawatans` VALUES (1,1,17,3,1,7,'889','2026-04-29 07:22:00','2026-04-29 07:55:52'),(2,1,17,3,NULL,7,'889','2026-04-29 07:22:00','2026-04-29 08:30:44'),(3,1,26,3,NULL,1,'890','2026-04-29 07:22:00','2026-04-29 07:22:00'),(4,1,11,3,NULL,2,'890','2026-04-29 07:22:00','2026-04-29 07:22:00'),(5,2,29,9,2,3,'811','2026-04-29 09:02:48','2026-04-29 09:02:48'),(6,2,25,9,NULL,4,'812','2026-04-29 09:02:48','2026-04-29 09:02:48'),(7,6,29,9,2,3,'811','2026-05-04 16:13:10','2026-05-04 16:13:10'),(8,6,25,9,NULL,4,'812','2026-05-04 16:13:10','2026-05-04 16:13:10'),(9,7,29,9,2,3,'811','2026-05-04 16:13:15','2026-05-04 16:13:15'),(10,7,25,9,NULL,4,'812','2026-05-04 16:13:15','2026-05-04 16:13:15'),(11,8,29,9,2,3,'811','2026-05-04 17:17:06','2026-05-04 17:17:06'),(12,8,25,9,NULL,4,'812','2026-05-04 17:17:06','2026-05-04 17:17:06'),(13,9,29,9,2,3,'811','2026-05-04 17:18:10','2026-05-04 17:18:10'),(14,9,25,9,NULL,4,'812','2026-05-04 17:18:10','2026-05-04 17:18:10'),(15,9,NULL,NULL,NULL,NULL,NULL,'2026-05-04 17:18:10','2026-05-04 17:18:10'),(16,10,17,3,1,7,'889','2026-05-04 17:34:42','2026-05-04 17:34:42'),(17,10,17,3,NULL,7,'889','2026-05-04 17:34:42','2026-05-04 17:34:42'),(18,10,26,3,NULL,1,'890','2026-05-04 17:34:42','2026-05-04 17:34:42'),(19,10,11,3,NULL,2,'890','2026-05-04 17:34:42','2026-05-04 17:34:42'),(20,10,NULL,NULL,NULL,NULL,NULL,'2026-05-04 17:34:42','2026-05-04 17:34:42'),(21,10,NULL,NULL,NULL,NULL,NULL,'2026-05-04 17:34:42','2026-05-04 17:34:42'),(22,11,17,3,1,7,'889','2026-05-04 17:35:17','2026-05-04 17:35:17'),(23,11,17,3,NULL,7,'889','2026-05-04 17:35:17','2026-05-04 17:35:17'),(24,11,26,3,NULL,1,'890','2026-05-04 17:35:17','2026-05-04 17:35:17'),(25,11,11,3,NULL,2,'890','2026-05-04 17:35:17','2026-05-04 17:35:17');
/*!40000 ALTER TABLE `waran_jawatans` ENABLE KEYS */;
UNLOCK TABLES;

--
-- Table structure for table `waran_programs`
--

DROP TABLE IF EXISTS `waran_programs`;
/*!40101 SET @saved_cs_client     = @@character_set_client */;
/*!50503 SET character_set_client = utf8mb4 */;
CREATE TABLE `waran_programs` (
  `id` bigint unsigned NOT NULL AUTO_INCREMENT,
  `waran_id` int NOT NULL,
  `program_id` int NOT NULL,
  `created_at` timestamp NULL DEFAULT NULL,
  `updated_at` timestamp NULL DEFAULT NULL,
  PRIMARY KEY (`id`)
) ENGINE=InnoDB DEFAULT CHARSET=utf8mb4 COLLATE=utf8mb4_unicode_ci;
/*!40101 SET character_set_client = @saved_cs_client */;

--
-- Dumping data for table `waran_programs`
--

LOCK TABLES `waran_programs` WRITE;
/*!40000 ALTER TABLE `waran_programs` DISABLE KEYS */;
/*!40000 ALTER TABLE `waran_programs` ENABLE KEYS */;
UNLOCK TABLES;

--
-- Table structure for table `warans`
--

DROP TABLE IF EXISTS `warans`;
/*!40101 SET @saved_cs_client     = @@character_set_client */;
/*!50503 SET character_set_client = utf8mb4 */;
CREATE TABLE `warans` (
  `id` bigint unsigned NOT NULL AUTO_INCREMENT,
  `no_waran` varchar(100) CHARACTER SET utf8mb4 COLLATE utf8mb4_unicode_ci NOT NULL,
  `puncakuasa` varchar(10) CHARACTER SET utf8mb4 COLLATE utf8mb4_unicode_ci DEFAULT NULL,
  `jik` int DEFAULT NULL,
  `catatan` text CHARACTER SET utf8mb4 COLLATE utf8mb4_unicode_ci,
  `created_at` timestamp NULL DEFAULT NULL,
  `updated_at` timestamp NULL DEFAULT NULL,
  `parent_id` bigint unsigned DEFAULT NULL,
  PRIMARY KEY (`id`),
  KEY `warans_parent_id_foreign` (`parent_id`),
  CONSTRAINT `warans_parent_id_foreign` FOREIGN KEY (`parent_id`) REFERENCES `warans` (`id`) ON DELETE SET NULL
) ENGINE=InnoDB AUTO_INCREMENT=19 DEFAULT CHARSET=utf8mb4 COLLATE=utf8mb4_unicode_ci;
/*!40101 SET character_set_client = @saved_cs_client */;

--
-- Dumping data for table `warans`
--

LOCK TABLES `warans` WRITE;
/*!40000 ALTER TABLE `warans` DISABLE KEYS */;
INSERT INTO `warans` VALUES (1,'WP1001',NULL,4,NULL,'2026-04-29 07:22:00','2026-04-29 07:22:00',NULL),(2,'WP1002',NULL,2,NULL,'2026-04-29 09:02:48','2026-04-29 09:02:48',NULL),(18,'wp1007',NULL,2,NULL,'2026-05-05 17:36:31','2026-05-05 17:36:31',NULL);
/*!40000 ALTER TABLE `warans` ENABLE KEYS */;
UNLOCK TABLES;

--
-- Dumping routines for database 'sdperjawatan'
--
/*!40103 SET TIME_ZONE=@OLD_TIME_ZONE */;

/*!40101 SET SQL_MODE=@OLD_SQL_MODE */;
/*!40014 SET FOREIGN_KEY_CHECKS=@OLD_FOREIGN_KEY_CHECKS */;
/*!40014 SET UNIQUE_CHECKS=@OLD_UNIQUE_CHECKS */;
/*!40101 SET CHARACTER_SET_CLIENT=@OLD_CHARACTER_SET_CLIENT */;
/*!40101 SET CHARACTER_SET_RESULTS=@OLD_CHARACTER_SET_RESULTS */;
/*!40101 SET COLLATION_CONNECTION=@OLD_COLLATION_CONNECTION */;
/*!40111 SET SQL_NOTES=@OLD_SQL_NOTES */;

-- Dump completed on 2026-05-06 15:58:14
